-- phpMyAdmin SQL Dump
-- version 5.2.0
-- https://www.phpmyadmin.net/
--
-- Host: 127.0.0.1
-- Generation Time: Feb 14, 2026 at 08:46 AM
-- Server version: 10.4.27-MariaDB
-- PHP Version: 8.0.25

SET SQL_MODE = "NO_AUTO_VALUE_ON_ZERO";
START TRANSACTION;
SET time_zone = "+00:00";


/*!40101 SET @OLD_CHARACTER_SET_CLIENT=@@CHARACTER_SET_CLIENT */;
/*!40101 SET @OLD_CHARACTER_SET_RESULTS=@@CHARACTER_SET_RESULTS */;
/*!40101 SET @OLD_COLLATION_CONNECTION=@@COLLATION_CONNECTION */;
/*!40101 SET NAMES utf8mb4 */;

--
-- Database: `credit`
--

-- --------------------------------------------------------

--
-- Table structure for table `admin`
--

CREATE TABLE `admin` (
  `admin_id` int(11) NOT NULL,
  `admin_name` text NOT NULL,
  `admin_password` text NOT NULL
) ENGINE=InnoDB DEFAULT CHARSET=utf8mb4 COLLATE=utf8mb4_general_ci;

--
-- Dumping data for table `admin`
--

INSERT INTO `admin` (`admin_id`, `admin_name`, `admin_password`) VALUES
(1, 'aaa', 'bbb');

-- --------------------------------------------------------

--
-- Table structure for table `bill`
--

CREATE TABLE `bill` (
  `bill_id` varchar(100) NOT NULL,
  `cutomer_id` varchar(33) NOT NULL,
  `picklist_id` varchar(33) NOT NULL,
  `bill_amount` bigint(20) NOT NULL,
  `bill_date` date NOT NULL,
  `Bill_status` enum('NILL','ISSUED','INFILE') NOT NULL DEFAULT 'INFILE'
) ENGINE=InnoDB DEFAULT CHARSET=utf8mb4 COLLATE=utf8mb4_general_ci;

--
-- Dumping data for table `bill`
--

INSERT INTO `bill` (`bill_id`, `cutomer_id`, `picklist_id`, `bill_amount`, `bill_date`, `Bill_status`) VALUES
('1001', '306', '100', 8950, '2026-02-13', 'INFILE'),
('1002', '240', '100', 3000, '2026-02-13', 'INFILE'),
('LEG_BILL_ID_100_1392', '100', 'MF_4_20260214_6990147110cf5', 4980, '2026-01-23', 'INFILE'),
('LEG_BILL_ID_101_4915', '101', 'MF_5_20260214_6990143e21df9', 18124, '2025-02-05', 'INFILE'),
('LEG_BILL_ID_102_7409', '102', 'MF_3_20260214_6990142be9cd8', 20838, '2024-09-29', 'INFILE'),
('LEG_BILL_ID_103_8960', '103', 'MF_2_20260214_6990145cab410', 2286, '2024-04-26', 'ISSUED'),
('LEG_BILL_ID_104_4518', '104', 'MF_2_20260214_6990145cab410', 6250, '2025-12-08', 'ISSUED'),
('LEG_BILL_ID_105_8974', '105', 'MF_3_20260214_6990142be9cd8', 4957, '2024-10-12', 'INFILE'),
('LEG_BILL_ID_106_7983', '106', 'MF_5_20260214_6990143e21df9', 30301, '2025-10-28', 'INFILE'),
('LEG_BILL_ID_107_8522', '107', 'MF_3_20260214_6990142be9cd8', 16928, '2025-09-17', 'INFILE'),
('LEG_BILL_ID_108_6716', '108', 'MF_3_20260214_6990142be9cd8', 7200, '2024-12-02', 'INFILE'),
('LEG_BILL_ID_109_6569', '109', 'MF_1_20260213_698f662e5683d', 0, '2024-05-27', 'NILL'),
('LEG_BILL_ID_10_2166', '10', 'MF_3_20260214_6990142be9cd8', 26372, '2025-03-28', 'INFILE'),
('LEG_BILL_ID_110_2070', '110', 'MF_5_20260214_6990143e21df9', 24306, '2025-05-29', 'INFILE'),
('LEG_BILL_ID_111_6226', '111', 'MF_2_20260214_6990145cab410', 10205, '2024-06-16', 'ISSUED'),
('LEG_BILL_ID_112_6331', '112', 'MF_3_20260214_6990142be9cd8', 21193, '2024-08-07', 'INFILE'),
('LEG_BILL_ID_113_5274', '113', 'MF_4_20260214_6990147110cf5', 26320, '2025-05-30', 'INFILE'),
('LEG_BILL_ID_114_1219', '114', 'MF_2_20260214_6990145cab410', 20565, '2024-10-08', 'INFILE'),
('LEG_BILL_ID_115_5996', '115', 'MF_3_20260214_6990142be9cd8', 23580, '2025-02-26', 'INFILE'),
('LEG_BILL_ID_116_4303', '116', 'MF_2_20260214_6990145cab410', 7897, '2024-04-11', 'INFILE'),
('LEG_BILL_ID_117_6112', '117', 'MF_3_20260214_6990142be9cd8', 43747, '2024-07-16', 'INFILE'),
('LEG_BILL_ID_118_8435', '118', 'MF_2_20260214_6990145cab410', 34010, '2024-06-20', 'INFILE'),
('LEG_BILL_ID_119_4685', '119', 'MF_4_20260214_6990147110cf5', 10982, '2024-05-13', 'INFILE'),
('LEG_BILL_ID_11_1055', '11', 'MF_3_20260214_6990142be9cd8', 1490, '2024-11-07', 'INFILE'),
('LEG_BILL_ID_120_7592', '120', 'MF_2_20260214_6990145cab410', 25418, '2025-12-10', 'INFILE'),
('LEG_BILL_ID_121_6676', '121', 'MF_3_20260214_6990142be9cd8', 2028, '2025-07-12', 'INFILE'),
('LEG_BILL_ID_122_2183', '122', 'MF_3_20260214_6990142be9cd8', 3758, '2025-11-03', 'INFILE'),
('LEG_BILL_ID_123_2425', '123', 'MF_3_20260214_6990142be9cd8', 11418, '2024-07-07', 'INFILE'),
('LEG_BILL_ID_124_5547', '124', 'MF_3_20260214_6990142be9cd8', 27743, '2024-03-26', 'INFILE'),
('LEG_BILL_ID_125_3331', '125', 'MF_3_20260214_6990142be9cd8', 5392, '2024-04-21', 'INFILE'),
('LEG_BILL_ID_126_9081', '126', 'MF_3_20260214_6990142be9cd8', 7459, '2024-03-06', 'INFILE'),
('LEG_BILL_ID_127_2376', '127', 'MF_5_20260214_6990143e21df9', 5126, '2025-07-27', 'INFILE'),
('LEG_BILL_ID_128_6684', '128', 'MF_2_20260214_6990145cab410', 1571, '2025-07-28', 'INFILE'),
('LEG_BILL_ID_129_5980', '129', 'MF_3_20260214_6990142be9cd8', 4765, '2024-03-24', 'INFILE'),
('LEG_BILL_ID_12_5671', '12', 'MF_2_20260214_6990145cab410', 1521, '2025-02-06', 'INFILE'),
('LEG_BILL_ID_130_2959', '130', 'MF_3_20260214_6990142be9cd8', 25096, '2026-01-23', 'INFILE'),
('LEG_BILL_ID_131_5313', '131', 'MF_3_20260214_6990142be9cd8', 20604, '2024-07-20', 'INFILE'),
('LEG_BILL_ID_132_8673', '132', 'MF_2_20260214_6990145cab410', 18066, '2025-02-07', 'INFILE'),
('LEG_BILL_ID_133_9545', '133', 'MF_3_20260214_6990142be9cd8', 17838, '2024-04-12', 'INFILE'),
('LEG_BILL_ID_134_5796', '134', 'MF_3_20260214_6990142be9cd8', 20989, '2025-08-05', 'INFILE'),
('LEG_BILL_ID_135_2251', '135', 'MF_3_20260214_6990142be9cd8', 15383, '2024-10-15', 'INFILE'),
('LEG_BILL_ID_136_1431', '136', 'MF_4_20260214_6990147110cf5', 13424, '2024-03-02', 'INFILE'),
('LEG_BILL_ID_137_6678', '137', 'MF_5_20260214_6990143e21df9', 12987, '2025-09-23', 'INFILE'),
('LEG_BILL_ID_138_9728', '138', 'MF_4_20260214_6990147110cf5', 2723, '2025-05-07', 'INFILE'),
('LEG_BILL_ID_139_1355', '139', 'MF_3_20260214_6990142be9cd8', 12905, '2024-06-28', 'INFILE'),
('LEG_BILL_ID_13_6344', '13', 'MF_5_20260214_6990143e21df9', 3535, '2024-05-24', 'INFILE'),
('LEG_BILL_ID_140_2734', '140', 'MF_2_20260214_6990145cab410', 7740, '2024-03-13', 'INFILE'),
('LEG_BILL_ID_141_4688', '141', 'MF_2_20260214_6990145cab410', 22436, '2025-11-03', 'INFILE'),
('LEG_BILL_ID_142_2471', '142', 'MF_2_20260214_6990145cab410', 9555, '2025-03-13', 'INFILE'),
('LEG_BILL_ID_143_5920', '143', 'MF_3_20260214_6990142be9cd8', 19801, '2024-08-12', 'INFILE'),
('LEG_BILL_ID_144_5434', '144', 'MF_3_20260214_6990142be9cd8', 26551, '2024-08-09', 'INFILE'),
('LEG_BILL_ID_145_9557', '145', 'MF_3_20260214_6990142be9cd8', 11086, '2024-09-06', 'INFILE'),
('LEG_BILL_ID_146_5019', '146', 'MF_1_20260214_6990141ba4e17', 8000, '2025-02-04', 'INFILE'),
('LEG_BILL_ID_147_5719', '147', 'MF_3_20260214_6990142be9cd8', 2083, '2024-05-02', 'INFILE'),
('LEG_BILL_ID_148_9064', '148', 'MF_3_20260214_6990142be9cd8', 7903, '2025-07-31', 'INFILE'),
('LEG_BILL_ID_149_6870', '149', 'MF_1_20260214_6990141ba4e17', 14569, '2025-08-04', 'INFILE'),
('LEG_BILL_ID_14_7316', '14', 'MF_3_20260214_6990142be9cd8', 6537, '2024-05-09', 'INFILE'),
('LEG_BILL_ID_150_1846', '150', 'MF_3_20260214_6990142be9cd8', 11610, '2024-07-14', 'INFILE'),
('LEG_BILL_ID_151_9029', '151', 'MF_3_20260214_6990142be9cd8', 7292, '2025-12-20', 'INFILE'),
('LEG_BILL_ID_152_2260', '152', 'MF_1_20260214_6990141ba4e17', 20255, '2025-05-24', 'INFILE'),
('LEG_BILL_ID_153_3086', '153', 'MF_1_20260214_6990141ba4e17', 9131, '2025-07-09', 'INFILE'),
('LEG_BILL_ID_154_4908', '154', 'MF_1_20260214_6990141ba4e17', 7393, '2024-02-25', 'INFILE'),
('LEG_BILL_ID_155_8181', '155', 'MF_3_20260214_6990142be9cd8', 31134, '2024-09-06', 'INFILE'),
('LEG_BILL_ID_156_7028', '156', 'MF_3_20260214_6990142be9cd8', 6310, '2026-02-10', 'INFILE'),
('LEG_BILL_ID_157_4756', '157', 'MF_2_20260214_6990145cab410', 0, '2024-03-18', 'NILL'),
('LEG_BILL_ID_158_2504', '158', 'MF_3_20260214_6990142be9cd8', 15599, '2025-12-16', 'INFILE'),
('LEG_BILL_ID_159_4783', '159', 'MF_3_20260214_6990142be9cd8', 6748, '2026-01-10', 'INFILE'),
('LEG_BILL_ID_15_5617', '15', 'MF_2_20260214_6990145cab410', 1917, '2025-02-18', 'INFILE'),
('LEG_BILL_ID_160_6341', '160', 'MF_3_20260214_6990142be9cd8', 2164, '2025-12-27', 'INFILE'),
('LEG_BILL_ID_161_6443', '161', 'MF_5_20260214_6990143e21df9', 1759, '2024-05-10', 'INFILE'),
('LEG_BILL_ID_162_4899', '162', 'MF_3_20260214_6990142be9cd8', 9880, '2024-03-23', 'INFILE'),
('LEG_BILL_ID_163_8837', '163', 'MF_5_20260214_6990143e21df9', 3199, '2025-03-27', 'INFILE'),
('LEG_BILL_ID_164_1219', '164', 'MF_4_20260214_6990147110cf5', 17527, '2024-12-23', 'INFILE'),
('LEG_BILL_ID_165_6763', '165', 'MF_1_20260214_6990141ba4e17', 7000, '2024-07-13', 'ISSUED'),
('LEG_BILL_ID_166_2037', '166', 'MF_3_20260214_6990142be9cd8', 3329, '2024-10-16', 'INFILE'),
('LEG_BILL_ID_167_8299', '167', 'MF_5_20260214_6990143e21df9', 592, '2024-04-01', 'INFILE'),
('LEG_BILL_ID_168_9275', '168', 'MF_2_20260214_6990145cab410', 2333, '2026-02-07', 'INFILE'),
('LEG_BILL_ID_169_7322', '169', 'MF_3_20260214_6990142be9cd8', 4062, '2025-09-28', 'INFILE'),
('LEG_BILL_ID_16_4384', '16', 'MF_4_20260214_6990147110cf5', 9066, '2025-07-29', 'INFILE'),
('LEG_BILL_ID_170_5075', '170', 'MF_3_20260214_6990142be9cd8', 1290, '2024-08-30', 'INFILE'),
('LEG_BILL_ID_171_5648', '171', 'MF_2_20260214_6990145cab410', 12024, '2025-02-20', 'INFILE'),
('LEG_BILL_ID_172_3610', '172', 'MF_1_20260214_6990141ba4e17', 18938, '2025-06-02', 'INFILE'),
('LEG_BILL_ID_173_3534', '173', 'MF_1_20260214_6990141ba4e17', 2844, '2024-12-06', 'INFILE'),
('LEG_BILL_ID_174_5408', '174', 'MF_3_20260214_6990142be9cd8', 24164, '2026-02-03', 'INFILE'),
('LEG_BILL_ID_175_7665', '175', 'MF_3_20260214_6990142be9cd8', 10743, '2025-04-07', 'INFILE'),
('LEG_BILL_ID_176_8728', '176', 'MF_4_20260214_6990147110cf5', 21913, '2025-03-08', 'INFILE'),
('LEG_BILL_ID_177_9812', '177', 'MF_2_20260214_6990145cab410', 1303, '2024-05-23', 'INFILE'),
('LEG_BILL_ID_178_9469', '178', 'MF_2_20260214_6990145cab410', 2960, '2024-11-08', 'INFILE'),
('LEG_BILL_ID_179_8047', '179', 'MF_3_20260214_6990142be9cd8', 4857, '2024-04-24', 'INFILE'),
('LEG_BILL_ID_17_2935', '17', 'MF_3_20260214_6990142be9cd8', 8399, '2025-01-31', 'INFILE'),
('LEG_BILL_ID_180_2302', '180', 'MF_1_20260214_6990141ba4e17', 23361, '2025-11-29', 'INFILE'),
('LEG_BILL_ID_181_7486', '181', 'MF_2_20260214_6990145cab410', 3462, '2024-04-22', 'INFILE'),
('LEG_BILL_ID_182_1266', '182', 'MF_2_20260214_6990145cab410', 13843, '2025-04-16', 'INFILE'),
('LEG_BILL_ID_183_1888', '183', 'MF_2_20260214_6990145cab410', 654, '2025-03-13', 'INFILE'),
('LEG_BILL_ID_184_9899', '184', 'MF_1_20260214_6990141ba4e17', 6332, '2025-10-28', 'INFILE'),
('LEG_BILL_ID_185_2144', '185', 'MF_2_20260214_6990145cab410', 40318, '2025-11-01', 'INFILE'),
('LEG_BILL_ID_186_7121', '186', 'MF_3_20260214_6990142be9cd8', 17175, '2024-02-26', 'INFILE'),
('LEG_BILL_ID_187_6133', '187', 'MF_3_20260214_6990142be9cd8', 4385, '2025-11-23', 'INFILE'),
('LEG_BILL_ID_188_5640', '188', 'MF_2_20260214_6990145cab410', 8685, '2025-11-02', 'INFILE'),
('LEG_BILL_ID_189_2323', '189', 'MF_1_20260214_6990141ba4e17', 19049, '2025-11-03', 'INFILE'),
('LEG_BILL_ID_18_2864', '18', 'MF_2_20260214_6990145cab410', 3267, '2024-11-03', 'INFILE'),
('LEG_BILL_ID_190_1971', '190', 'MF_4_20260214_6990147110cf5', 3361, '2025-08-22', 'INFILE'),
('LEG_BILL_ID_191_3573', '191', 'MF_5_20260214_6990143e21df9', 17970, '2024-08-19', 'INFILE'),
('LEG_BILL_ID_192_2679', '192', 'MF_5_20260214_6990143e21df9', 10233, '2025-05-25', 'INFILE'),
('LEG_BILL_ID_193_7885', '193', 'MF_3_20260214_6990142be9cd8', 9889, '2024-10-14', 'INFILE'),
('LEG_BILL_ID_194_8813', '194', 'MF_3_20260214_6990142be9cd8', 2398, '2025-01-08', 'INFILE'),
('LEG_BILL_ID_195_3578', '195', 'MF_4_20260214_6990147110cf5', 2814, '2025-10-08', 'INFILE'),
('LEG_BILL_ID_196_4140', '196', 'MF_3_20260214_6990142be9cd8', 38231, '2024-05-11', 'INFILE'),
('LEG_BILL_ID_197_1325', '197', 'MF_2_20260214_6990145cab410', 6262, '2025-08-18', 'INFILE'),
('LEG_BILL_ID_198_3386', '198', 'MF_5_20260214_6990143e21df9', 44455, '2024-03-24', 'INFILE'),
('LEG_BILL_ID_199_3078', '199', 'MF_2_20260214_6990145cab410', 4909, '2024-03-09', 'INFILE'),
('LEG_BILL_ID_19_1666', '19', 'MF_2_20260214_6990145cab410', 25445, '2025-08-28', 'INFILE'),
('LEG_BILL_ID_1_6158', '1', 'MF_1_20260214_6990141ba4e17', 23662, '2025-10-20', 'INFILE'),
('LEG_BILL_ID_200_8713', '200', 'MF_3_20260214_6990142be9cd8', 27791, '2025-03-25', 'INFILE'),
('LEG_BILL_ID_201_6070', '201', 'MF_2_20260214_6990145cab410', 15323, '2024-02-19', 'INFILE'),
('LEG_BILL_ID_202_6685', '202', 'MF_4_20260214_6990147110cf5', 10144, '2024-03-18', 'INFILE'),
('LEG_BILL_ID_203_9178', '203', 'MF_3_20260214_6990142be9cd8', 5461, '2024-02-29', 'INFILE'),
('LEG_BILL_ID_204_6590', '204', 'MF_2_20260214_6990145cab410', 1428, '2026-01-01', 'INFILE'),
('LEG_BILL_ID_205_1550', '205', 'MF_4_20260214_6990147110cf5', 15749, '2024-09-06', 'INFILE'),
('LEG_BILL_ID_206_9211', '206', 'MF_3_20260214_6990142be9cd8', 20710, '2025-09-06', 'INFILE'),
('LEG_BILL_ID_207_9496', '207', 'MF_2_20260214_6990145cab410', 26885, '2025-02-15', 'INFILE'),
('LEG_BILL_ID_208_1271', '208', 'MF_3_20260214_6990142be9cd8', 27597, '2025-06-28', 'INFILE'),
('LEG_BILL_ID_209_3159', '209', 'MF_5_20260214_6990143e21df9', 2325, '2025-01-26', 'INFILE'),
('LEG_BILL_ID_20_9713', '20', 'MF_1_20260214_6990141ba4e17', 10229, '2024-10-25', 'INFILE'),
('LEG_BILL_ID_210_6189', '210', 'MF_2_20260214_6990145cab410', 15635, '2025-06-22', 'INFILE'),
('LEG_BILL_ID_211_1771', '211', 'MF_3_20260214_6990142be9cd8', 3551, '2025-12-20', 'INFILE'),
('LEG_BILL_ID_212_2446', '212', 'MF_3_20260214_6990142be9cd8', 15916, '2024-06-26', 'INFILE'),
('LEG_BILL_ID_213_8465', '213', 'MF_3_20260214_6990142be9cd8', 28017, '2024-10-02', 'INFILE'),
('LEG_BILL_ID_214_7408', '214', 'MF_3_20260214_6990142be9cd8', 13993, '2025-06-09', 'INFILE'),
('LEG_BILL_ID_215_2936', '215', 'MF_2_20260214_6990145cab410', 0, '2024-10-11', 'NILL'),
('LEG_BILL_ID_216_6636', '216', 'MF_3_20260214_6990142be9cd8', 4344, '2025-07-05', 'INFILE'),
('LEG_BILL_ID_217_7378', '217', 'MF_3_20260214_6990142be9cd8', 12407, '2024-10-15', 'INFILE'),
('LEG_BILL_ID_218_7321', '218', 'MF_3_20260214_6990142be9cd8', 3376, '2025-04-07', 'INFILE'),
('LEG_BILL_ID_219_1259', '219', 'MF_1_20260214_6990141ba4e17', 1175, '2024-10-30', 'INFILE'),
('LEG_BILL_ID_21_4443', '21', 'MF_2_20260214_6990145cab410', 27123, '2025-07-13', 'INFILE'),
('LEG_BILL_ID_220_8602', '220', 'MF_2_20260214_6990145cab410', 27611, '2025-03-12', 'INFILE'),
('LEG_BILL_ID_221_4240', '221', 'MF_2_20260214_6990145cab410', 37555, '2024-12-22', 'INFILE'),
('LEG_BILL_ID_222_3935', '222', 'MF_2_20260214_6990145cab410', 16901, '2025-01-08', 'INFILE'),
('LEG_BILL_ID_223_2850', '223', 'MF_3_20260214_6990142be9cd8', 13267, '2025-12-02', 'INFILE'),
('LEG_BILL_ID_224_1276', '224', 'MF_1_20260214_6990141ba4e17', 0, '2024-10-09', 'NILL'),
('LEG_BILL_ID_225_9958', '225', 'MF_3_20260214_6990142be9cd8', 18189, '2024-05-09', 'INFILE'),
('LEG_BILL_ID_226_8596', '226', 'MF_3_20260214_6990142be9cd8', 1726, '2025-08-12', 'INFILE'),
('LEG_BILL_ID_227_2318', '227', 'MF_1_20260214_6990141ba4e17', 6764, '2025-12-19', 'INFILE'),
('LEG_BILL_ID_228_7100', '228', 'MF_3_20260214_6990142be9cd8', 2541, '2026-01-31', 'INFILE'),
('LEG_BILL_ID_229_1632', '229', 'MF_1_20260214_6990141ba4e17', 10543, '2024-08-28', 'INFILE'),
('LEG_BILL_ID_22_1005', '22', 'MF_3_20260214_6990142be9cd8', 7592, '2024-03-17', 'INFILE'),
('LEG_BILL_ID_230_6004', '230', 'MF_2_20260214_6990145cab410', 587, '2025-03-08', 'INFILE'),
('LEG_BILL_ID_231_6047', '231', 'MF_2_20260214_6990145cab410', 839, '2025-08-08', 'INFILE'),
('LEG_BILL_ID_232_7558', '232', 'MF_2_20260214_6990145cab410', 4061, '2025-04-21', 'INFILE'),
('LEG_BILL_ID_233_3166', '233', 'MF_2_20260214_6990145cab410', 17644, '2025-12-30', 'INFILE'),
('LEG_BILL_ID_234_4330', '234', 'MF_3_20260214_6990142be9cd8', 3230, '2024-03-07', 'INFILE'),
('LEG_BILL_ID_235_8720', '235', 'MF_3_20260214_6990142be9cd8', 4253, '2024-11-08', 'INFILE'),
('LEG_BILL_ID_236_6727', '236', 'MF_2_20260214_6990145cab410', 16275, '2026-01-24', 'INFILE'),
('LEG_BILL_ID_237_6717', '237', 'MF_2_20260214_6990145cab410', 3098, '2024-06-24', 'INFILE'),
('LEG_BILL_ID_238_2808', '238', 'MF_2_20260214_6990145cab410', 401, '2025-09-26', 'INFILE'),
('LEG_BILL_ID_239_4675', '239', 'MF_2_20260214_6990145cab410', 6190, '2024-12-09', 'INFILE'),
('LEG_BILL_ID_23_8130', '23', 'MF_1_20260214_6990141ba4e17', 2273, '2025-03-08', 'INFILE'),
('LEG_BILL_ID_240_4964', '240', 'MF_4_20260214_6990147110cf5', 19698, '2024-07-13', 'INFILE'),
('LEG_BILL_ID_241_8681', '241', 'MF_3_20260214_6990142be9cd8', 18930, '2025-02-04', 'INFILE'),
('LEG_BILL_ID_242_7473', '242', 'MF_5_20260214_6990143e21df9', 18362, '2025-07-19', 'INFILE'),
('LEG_BILL_ID_243_3782', '243', 'MF_3_20260214_6990142be9cd8', 5154, '2024-11-05', 'INFILE'),
('LEG_BILL_ID_244_2649', '244', 'MF_4_20260214_6990147110cf5', 540, '2026-01-29', 'INFILE'),
('LEG_BILL_ID_245_7578', '245', 'MF_3_20260214_6990142be9cd8', 4303, '2024-02-14', 'INFILE'),
('LEG_BILL_ID_246_5488', '246', 'MF_4_20260214_6990147110cf5', 8307, '2024-02-29', 'INFILE'),
('LEG_BILL_ID_247_1342', '247', 'MF_3_20260214_6990142be9cd8', 27852, '2025-03-30', 'INFILE'),
('LEG_BILL_ID_248_2162', '248', 'MF_5_20260214_6990143e21df9', 4293, '2025-02-03', 'INFILE'),
('LEG_BILL_ID_249_3564', '249', 'MF_3_20260214_6990142be9cd8', 17221, '2025-04-05', 'INFILE'),
('LEG_BILL_ID_24_8922', '24', 'MF_3_20260214_6990142be9cd8', 16496, '2025-12-10', 'INFILE'),
('LEG_BILL_ID_250_3428', '250', 'MF_1_20260214_6990141ba4e17', 7650, '2025-10-02', 'INFILE'),
('LEG_BILL_ID_251_2013', '251', 'MF_3_20260214_6990142be9cd8', 5916, '2025-06-24', 'INFILE'),
('LEG_BILL_ID_252_9189', '252', 'MF_3_20260214_6990142be9cd8', 5690, '2024-10-14', 'INFILE'),
('LEG_BILL_ID_253_2193', '253', 'MF_3_20260214_6990142be9cd8', 16145, '2025-04-26', 'INFILE'),
('LEG_BILL_ID_254_9995', '254', 'MF_3_20260214_6990142be9cd8', 1589, '2025-08-25', 'INFILE'),
('LEG_BILL_ID_255_3683', '255', 'MF_3_20260214_6990142be9cd8', 29576, '2025-10-27', 'INFILE'),
('LEG_BILL_ID_256_2789', '256', 'MF_2_20260214_6990145cab410', 8608, '2025-07-14', 'INFILE'),
('LEG_BILL_ID_257_8235', '257', 'MF_1_20260214_6990141ba4e17', 0, '2024-04-16', 'NILL'),
('LEG_BILL_ID_258_5539', '258', 'MF_5_20260214_6990143e21df9', 2791, '2025-08-24', 'INFILE'),
('LEG_BILL_ID_259_7877', '259', 'MF_4_20260214_6990147110cf5', 9174, '2025-10-18', 'INFILE'),
('LEG_BILL_ID_25_3134', '25', 'MF_3_20260214_6990142be9cd8', 13202, '2025-04-30', 'INFILE'),
('LEG_BILL_ID_260_7078', '260', 'MF_2_20260214_6990145cab410', 12827, '2025-12-28', 'INFILE'),
('LEG_BILL_ID_261_4930', '261', 'MF_3_20260214_6990142be9cd8', 36242, '2024-04-09', 'INFILE'),
('LEG_BILL_ID_262_9844', '262', 'MF_3_20260214_6990142be9cd8', 13375, '2024-08-01', 'INFILE'),
('LEG_BILL_ID_263_7137', '263', 'MF_5_20260214_6990143e21df9', 12497, '2026-02-04', 'INFILE'),
('LEG_BILL_ID_264_5215', '264', 'MF_5_20260214_6990143e21df9', 5437, '2024-11-09', 'INFILE'),
('LEG_BILL_ID_265_2593', '265', 'MF_2_20260214_6990145cab410', 44144, '2025-10-15', 'INFILE'),
('LEG_BILL_ID_266_6271', '266', 'MF_3_20260214_6990142be9cd8', 11257, '2025-08-04', 'INFILE'),
('LEG_BILL_ID_267_4277', '267', 'MF_3_20260214_6990142be9cd8', 512, '2024-05-28', 'INFILE'),
('LEG_BILL_ID_268_6877', '268', 'MF_5_20260214_6990143e21df9', 4742, '2024-08-18', 'INFILE'),
('LEG_BILL_ID_269_7014', '269', 'MF_3_20260214_6990142be9cd8', 8969, '2024-04-22', 'INFILE'),
('LEG_BILL_ID_26_8503', '26', 'MF_3_20260214_6990142be9cd8', 10820, '2025-06-26', 'INFILE'),
('LEG_BILL_ID_270_2159', '270', 'MF_3_20260214_6990142be9cd8', 9489, '2025-02-07', 'INFILE'),
('LEG_BILL_ID_271_6838', '271', 'MF_4_20260214_6990147110cf5', 1529, '2024-05-06', 'INFILE'),
('LEG_BILL_ID_272_6751', '272', 'MF_4_20260214_6990147110cf5', 155, '2024-04-15', 'INFILE'),
('LEG_BILL_ID_273_1257', '273', 'MF_1_20260214_6990141ba4e17', 35943, '2025-03-01', 'INFILE'),
('LEG_BILL_ID_274_2419', '274', 'MF_2_20260214_6990145cab410', 25906, '2025-07-12', 'INFILE'),
('LEG_BILL_ID_275_1404', '275', 'MF_3_20260214_6990142be9cd8', 11690, '2024-10-25', 'INFILE'),
('LEG_BILL_ID_276_2986', '276', 'MF_3_20260214_6990142be9cd8', 27438, '2024-11-27', 'INFILE'),
('LEG_BILL_ID_277_2378', '277', 'MF_3_20260214_6990142be9cd8', 15432, '2026-01-22', 'INFILE'),
('LEG_BILL_ID_278_8768', '278', 'MF_3_20260214_6990142be9cd8', 10549, '2024-08-03', 'INFILE'),
('LEG_BILL_ID_279_1161', '279', 'MF_3_20260214_6990142be9cd8', 2917, '2025-03-21', 'INFILE'),
('LEG_BILL_ID_27_3464', '27', 'MF_1_20260214_6990141ba4e17', 4665, '2025-11-21', 'INFILE'),
('LEG_BILL_ID_280_6746', '280', 'MF_2_20260214_6990145cab410', 30259, '2025-11-16', 'INFILE'),
('LEG_BILL_ID_281_5581', '281', 'MF_2_20260214_6990145cab410', 26221, '2025-11-11', 'INFILE'),
('LEG_BILL_ID_282_5227', '282', 'MF_3_20260214_6990142be9cd8', 4427, '2024-10-02', 'INFILE'),
('LEG_BILL_ID_283_6275', '283', 'MF_2_20260214_6990145cab410', 12746, '2024-06-22', 'INFILE'),
('LEG_BILL_ID_284_8284', '284', 'MF_2_20260214_6990145cab410', 18574, '2024-04-09', 'INFILE'),
('LEG_BILL_ID_285_8173', '285', 'MF_3_20260214_6990142be9cd8', 43611, '2025-05-24', 'INFILE'),
('LEG_BILL_ID_286_2152', '286', 'MF_1_20260214_6990141ba4e17', 0, '2024-10-01', 'NILL'),
('LEG_BILL_ID_287_8764', '287', 'MF_2_20260214_6990145cab410', 348, '2025-09-08', 'INFILE'),
('LEG_BILL_ID_288_6277', '288', 'MF_2_20260214_6990145cab410', 6689, '2024-10-02', 'INFILE'),
('LEG_BILL_ID_289_4767', '289', 'MF_3_20260214_6990142be9cd8', 7771, '2024-07-17', 'INFILE'),
('LEG_BILL_ID_28_7190', '28', 'MF_3_20260214_6990142be9cd8', 4881, '2025-02-19', 'INFILE'),
('LEG_BILL_ID_290_1652', '290', 'MF_2_20260214_6990145cab410', 17355, '2026-01-02', 'INFILE'),
('LEG_BILL_ID_291_7337', '291', 'MF_4_20260214_6990147110cf5', 12243, '2025-08-31', 'INFILE'),
('LEG_BILL_ID_292_4824', '292', 'MF_3_20260214_6990142be9cd8', 1363, '2024-03-15', 'INFILE'),
('LEG_BILL_ID_293_6801', '293', 'MF_5_20260214_6990143e21df9', 15049, '2024-03-01', 'INFILE'),
('LEG_BILL_ID_294_1515', '294', 'MF_3_20260214_6990142be9cd8', 27876, '2025-07-04', 'INFILE'),
('LEG_BILL_ID_295_3865', '295', 'MF_1_20260214_6990141ba4e17', 10000, '2024-04-07', 'INFILE'),
('LEG_BILL_ID_296_8689', '296', 'MF_4_20260214_6990147110cf5', 33420, '2026-01-10', 'INFILE'),
('LEG_BILL_ID_297_5953', '297', 'MF_3_20260214_6990142be9cd8', 15705, '2025-09-28', 'INFILE'),
('LEG_BILL_ID_298_9247', '298', 'MF_3_20260214_6990142be9cd8', 2929, '2024-11-24', 'INFILE'),
('LEG_BILL_ID_299_8378', '299', 'MF_2_20260214_6990145cab410', 1738, '2024-08-13', 'INFILE'),
('LEG_BILL_ID_29_4190', '29', 'MF_3_20260214_6990142be9cd8', 17613, '2024-02-26', 'INFILE'),
('LEG_BILL_ID_2_8183', '2', 'MF_1_20260214_6990141ba4e17', 10662, '2024-03-13', 'INFILE'),
('LEG_BILL_ID_300_9276', '300', 'MF_3_20260214_6990142be9cd8', 5626, '2025-02-20', 'INFILE'),
('LEG_BILL_ID_301_1085', '301', 'MF_2_20260214_6990145cab410', 307, '2024-09-24', 'INFILE'),
('LEG_BILL_ID_302_3099', '302', 'MF_3_20260214_6990142be9cd8', 2718, '2025-07-17', 'INFILE'),
('LEG_BILL_ID_303_5828', '303', 'MF_4_20260214_6990147110cf5', 5725, '2025-05-12', 'INFILE'),
('LEG_BILL_ID_304_9309', '304', 'MF_3_20260214_6990142be9cd8', 12779, '2024-06-18', 'INFILE'),
('LEG_BILL_ID_305_5288', '305', 'MF_3_20260214_6990142be9cd8', 35919, '2025-11-10', 'INFILE'),
('LEG_BILL_ID_306_9714', '306', 'MF_4_20260214_6990147110cf5', 19739, '2024-10-06', 'INFILE'),
('LEG_BILL_ID_307_3168', '307', 'MF_5_20260214_6990143e21df9', 2674, '2024-06-11', 'INFILE'),
('LEG_BILL_ID_308_4842', '308', 'MF_3_20260214_6990142be9cd8', 29836, '2025-01-02', 'INFILE'),
('LEG_BILL_ID_309_2706', '309', 'MF_4_20260214_6990147110cf5', 6485, '2024-10-28', 'INFILE'),
('LEG_BILL_ID_30_6413', '30', 'MF_3_20260214_6990142be9cd8', 24979, '2024-11-01', 'INFILE'),
('LEG_BILL_ID_310_8564', '310', 'MF_3_20260214_6990142be9cd8', 29948, '2024-05-31', 'INFILE'),
('LEG_BILL_ID_311_3635', '311', 'MF_5_20260214_6990143e21df9', 3893, '2024-12-07', 'INFILE'),
('LEG_BILL_ID_312_7691', '312', 'MF_3_20260214_6990142be9cd8', 10645, '2025-01-30', 'INFILE'),
('LEG_BILL_ID_313_2362', '313', 'MF_1_20260214_6990141ba4e17', 6088, '2025-08-05', 'INFILE'),
('LEG_BILL_ID_314_5832', '314', 'MF_3_20260214_6990142be9cd8', 354, '2025-02-09', 'INFILE'),
('LEG_BILL_ID_315_7429', '315', 'MF_4_20260214_6990147110cf5', 6134, '2025-03-31', 'INFILE'),
('LEG_BILL_ID_316_4985', '316', 'MF_3_20260214_6990142be9cd8', 5381, '2026-02-03', 'INFILE'),
('LEG_BILL_ID_317_1557', '317', 'MF_3_20260214_6990142be9cd8', 36265, '2025-02-14', 'INFILE'),
('LEG_BILL_ID_318_9000', '318', 'MF_3_20260214_6990142be9cd8', 8606, '2024-11-28', 'INFILE'),
('LEG_BILL_ID_319_6751', '319', 'MF_3_20260214_6990142be9cd8', 19525, '2025-09-20', 'INFILE'),
('LEG_BILL_ID_31_4701', '31', 'MF_2_20260214_6990145cab410', 2283, '2024-07-22', 'ISSUED'),
('LEG_BILL_ID_320_7203', '320', 'MF_3_20260214_6990142be9cd8', 40094, '2025-03-05', 'INFILE'),
('LEG_BILL_ID_321_8280', '321', 'MF_5_20260214_6990143e21df9', 28660, '2025-09-28', 'INFILE'),
('LEG_BILL_ID_322_8262', '322', 'MF_2_20260214_6990145cab410', 7414, '2025-09-03', 'INFILE'),
('LEG_BILL_ID_323_7454', '323', 'MF_2_20260214_6990145cab410', 21468, '2025-07-15', 'INFILE'),
('LEG_BILL_ID_324_6920', '324', 'MF_5_20260214_6990143e21df9', 818, '2024-07-10', 'INFILE'),
('LEG_BILL_ID_325_1701', '325', 'MF_3_20260214_6990142be9cd8', 42057, '2024-09-06', 'INFILE'),
('LEG_BILL_ID_326_8570', '326', 'MF_2_20260214_6990145cab410', 33054, '2024-03-30', 'INFILE'),
('LEG_BILL_ID_327_7576', '327', 'MF_3_20260214_6990142be9cd8', 33479, '2024-06-24', 'INFILE'),
('LEG_BILL_ID_328_3264', '328', 'MF_4_20260214_6990147110cf5', 13823, '2025-08-29', 'INFILE'),
('LEG_BILL_ID_329_8948', '329', 'MF_3_20260214_6990142be9cd8', 17306, '2025-01-01', 'INFILE'),
('LEG_BILL_ID_32_4733', '32', 'MF_3_20260214_6990142be9cd8', 6555, '2025-02-23', 'INFILE'),
('LEG_BILL_ID_330_8368', '330', 'MF_3_20260214_6990142be9cd8', 11396, '2024-05-09', 'INFILE'),
('LEG_BILL_ID_331_5219', '331', 'MF_2_20260214_6990145cab410', 20251, '2025-02-09', 'INFILE'),
('LEG_BILL_ID_332_3606', '332', 'MF_2_20260214_6990145cab410', 3058, '2026-02-04', 'INFILE'),
('LEG_BILL_ID_333_2024', '333', 'MF_1_20260214_6990141ba4e17', 28220, '2024-09-17', 'INFILE'),
('LEG_BILL_ID_334_8521', '334', 'MF_3_20260214_6990142be9cd8', 367, '2025-01-30', 'INFILE'),
('LEG_BILL_ID_335_4157', '335', 'MF_2_20260214_6990145cab410', 2877, '2024-09-10', 'INFILE'),
('LEG_BILL_ID_336_1608', '336', 'MF_1_20260214_6990141ba4e17', 2388, '2024-08-26', 'INFILE'),
('LEG_BILL_ID_337_4949', '337', 'MF_3_20260214_6990142be9cd8', 16964, '2024-11-06', 'INFILE'),
('LEG_BILL_ID_338_9957', '338', 'MF_3_20260214_6990142be9cd8', 12680, '2025-06-08', 'INFILE'),
('LEG_BILL_ID_339_6046', '339', 'MF_2_20260214_6990145cab410', 18454, '2024-11-30', 'INFILE'),
('LEG_BILL_ID_33_8437', '33', 'MF_3_20260214_6990142be9cd8', 20074, '2025-05-27', 'INFILE'),
('LEG_BILL_ID_340_5564', '340', 'MF_2_20260214_6990145cab410', 15262, '2024-03-12', 'INFILE'),
('LEG_BILL_ID_341_1266', '341', 'MF_3_20260214_6990142be9cd8', 17836, '2026-01-07', 'INFILE'),
('LEG_BILL_ID_342_2586', '342', 'MF_3_20260214_6990142be9cd8', 11182, '2024-07-28', 'INFILE'),
('LEG_BILL_ID_343_1133', '343', 'MF_2_20260214_6990145cab410', 8420, '2024-12-31', 'INFILE'),
('LEG_BILL_ID_344_9123', '344', 'MF_3_20260214_6990142be9cd8', 17024, '2025-03-16', 'INFILE'),
('LEG_BILL_ID_345_8769', '345', 'MF_2_20260214_6990145cab410', 714, '2026-02-03', 'INFILE'),
('LEG_BILL_ID_346_9759', '346', 'MF_1_20260214_6990141ba4e17', 3171, '2024-05-22', 'INFILE'),
('LEG_BILL_ID_347_8537', '347', 'MF_3_20260214_6990142be9cd8', 7144, '2024-12-29', 'INFILE'),
('LEG_BILL_ID_348_8790', '348', 'MF_2_20260214_6990145cab410', 4665, '2025-09-19', 'INFILE'),
('LEG_BILL_ID_349_3158', '349', 'MF_3_20260214_6990142be9cd8', 22770, '2025-06-06', 'INFILE'),
('LEG_BILL_ID_34_6231', '34', 'MF_3_20260214_6990142be9cd8', 15315, '2024-08-31', 'INFILE'),
('LEG_BILL_ID_350_4207', '350', 'MF_1_20260214_6990141ba4e17', 0, '2026-01-20', 'NILL'),
('LEG_BILL_ID_351_8961', '351', 'MF_1_20260214_6990141ba4e17', 718, '2024-06-22', 'INFILE'),
('LEG_BILL_ID_352_6344', '352', 'MF_3_20260214_6990142be9cd8', 16987, '2024-12-08', 'INFILE'),
('LEG_BILL_ID_353_6693', '353', 'MF_2_20260214_6990145cab410', 14766, '2025-07-11', 'INFILE'),
('LEG_BILL_ID_354_8608', '354', 'MF_2_20260214_6990145cab410', 13434, '2025-10-17', 'INFILE'),
('LEG_BILL_ID_355_4951', '355', 'MF_3_20260214_6990142be9cd8', 16375, '2025-01-07', 'INFILE'),
('LEG_BILL_ID_356_4747', '356', 'MF_5_20260214_6990143e21df9', 37993, '2024-02-15', 'INFILE'),
('LEG_BILL_ID_357_9378', '357', 'MF_4_20260214_6990147110cf5', 11300, '2025-05-29', 'INFILE'),
('LEG_BILL_ID_358_3161', '358', 'MF_2_20260214_6990145cab410', 703, '2024-05-23', 'INFILE'),
('LEG_BILL_ID_359_8454', '359', 'MF_2_20260214_6990145cab410', 11900, '2024-09-14', 'INFILE'),
('LEG_BILL_ID_35_1768', '35', 'MF_2_20260214_6990145cab410', 23858, '2024-03-11', 'INFILE'),
('LEG_BILL_ID_360_6941', '360', 'MF_4_20260214_6990147110cf5', 9698, '2024-06-24', 'INFILE'),
('LEG_BILL_ID_361_1772', '361', 'MF_2_20260214_6990145cab410', 27357, '2025-06-13', 'INFILE'),
('LEG_BILL_ID_362_3185', '362', 'MF_4_20260214_6990147110cf5', 2373, '2024-10-31', 'INFILE'),
('LEG_BILL_ID_363_1634', '363', 'MF_3_20260214_6990142be9cd8', 8957, '2024-04-30', 'INFILE'),
('LEG_BILL_ID_364_1812', '364', 'MF_1_20260214_6990141ba4e17', 14500, '2024-12-02', 'INFILE'),
('LEG_BILL_ID_365_2386', '365', 'MF_3_20260214_6990142be9cd8', 11543, '2024-09-19', 'INFILE'),
('LEG_BILL_ID_366_8713', '366', 'MF_2_20260214_6990145cab410', 11409, '2024-10-14', 'INFILE'),
('LEG_BILL_ID_367_7392', '367', 'MF_3_20260214_6990142be9cd8', 33520, '2024-09-20', 'INFILE'),
('LEG_BILL_ID_368_1688', '368', 'MF_2_20260214_6990145cab410', 9018, '2024-11-08', 'INFILE'),
('LEG_BILL_ID_369_5655', '369', 'MF_3_20260214_6990142be9cd8', 2446, '2024-03-18', 'INFILE'),
('LEG_BILL_ID_36_1400', '36', 'MF_2_20260214_6990145cab410', 19774, '2025-10-27', 'INFILE'),
('LEG_BILL_ID_370_5960', '370', 'MF_3_20260214_6990142be9cd8', 21329, '2024-08-30', 'INFILE'),
('LEG_BILL_ID_371_4503', '371', 'MF_2_20260214_6990145cab410', 7802, '2024-11-02', 'INFILE'),
('LEG_BILL_ID_372_5936', '372', 'MF_3_20260214_6990142be9cd8', 28228, '2024-05-02', 'INFILE'),
('LEG_BILL_ID_373_6760', '373', 'MF_3_20260214_6990142be9cd8', 804, '2025-02-25', 'INFILE'),
('LEG_BILL_ID_374_3498', '374', 'MF_2_20260214_6990145cab410', 36576, '2025-05-02', 'INFILE'),
('LEG_BILL_ID_375_6565', '375', 'MF_3_20260214_6990142be9cd8', 11343, '2024-12-29', 'INFILE'),
('LEG_BILL_ID_376_2663', '376', 'MF_2_20260214_6990145cab410', 9569, '2025-01-12', 'INFILE'),
('LEG_BILL_ID_377_9953', '377', 'MF_3_20260214_6990142be9cd8', 17749, '2025-07-09', 'INFILE'),
('LEG_BILL_ID_378_2298', '378', 'MF_2_20260214_6990145cab410', 33568, '2025-09-22', 'INFILE'),
('LEG_BILL_ID_379_8812', '379', 'MF_4_20260214_6990147110cf5', 6950, '2025-08-14', 'INFILE'),
('LEG_BILL_ID_37_2964', '37', 'MF_3_20260214_6990142be9cd8', 6979, '2025-03-11', 'INFILE'),
('LEG_BILL_ID_380_4191', '380', 'MF_3_20260214_6990142be9cd8', 25376, '2024-07-21', 'INFILE'),
('LEG_BILL_ID_381_7273', '381', 'MF_2_20260214_6990145cab410', 44921, '2025-09-29', 'INFILE'),
('LEG_BILL_ID_382_9947', '382', 'MF_3_20260214_6990142be9cd8', 1595, '2025-09-01', 'INFILE'),
('LEG_BILL_ID_383_4730', '383', 'MF_2_20260214_6990145cab410', 8242, '2026-01-28', 'INFILE'),
('LEG_BILL_ID_384_9881', '384', 'MF_3_20260214_6990142be9cd8', 34391, '2025-03-02', 'INFILE'),
('LEG_BILL_ID_385_4305', '385', 'MF_3_20260214_6990142be9cd8', 159, '2025-12-18', 'INFILE'),
('LEG_BILL_ID_386_3090', '386', 'MF_1_20260214_6990141ba4e17', 3000, '2024-06-10', 'INFILE'),
('LEG_BILL_ID_387_2399', '387', 'MF_2_20260214_6990145cab410', 9708, '2025-10-13', 'INFILE'),
('LEG_BILL_ID_388_3189', '388', 'MF_1_20260214_6990141ba4e17', 6874, '2025-08-25', 'INFILE'),
('LEG_BILL_ID_389_1777', '389', 'MF_2_20260214_6990145cab410', 1543, '2025-05-16', 'INFILE'),
('LEG_BILL_ID_38_5668', '38', 'MF_2_20260214_6990145cab410', 2015, '2024-10-31', 'INFILE'),
('LEG_BILL_ID_390_7048', '390', 'MF_1_20260214_6990141ba4e17', 13137, '2025-05-28', 'INFILE'),
('LEG_BILL_ID_391_3427', '391', 'MF_2_20260214_6990145cab410', 0, '2024-10-30', 'NILL'),
('LEG_BILL_ID_392_7344', '392', 'MF_3_20260214_6990142be9cd8', 14316, '2026-02-09', 'INFILE'),
('LEG_BILL_ID_393_1468', '393', 'MF_3_20260214_6990142be9cd8', 5218, '2024-08-03', 'INFILE'),
('LEG_BILL_ID_394_1320', '394', 'MF_1_20260214_6990141ba4e17', 13152, '2025-01-06', 'INFILE'),
('LEG_BILL_ID_395_3027', '395', 'MF_3_20260214_6990142be9cd8', 17671, '2025-11-20', 'INFILE'),
('LEG_BILL_ID_396_6198', '396', 'MF_4_20260214_6990147110cf5', 11911, '2025-09-18', 'INFILE'),
('LEG_BILL_ID_397_4068', '397', 'MF_2_20260214_6990145cab410', 2424, '2025-12-15', 'INFILE'),
('LEG_BILL_ID_398_8297', '398', 'MF_3_20260214_6990142be9cd8', 892, '2025-04-27', 'INFILE'),
('LEG_BILL_ID_399_1695', '399', 'MF_3_20260214_6990142be9cd8', 1393, '2025-10-09', 'INFILE'),
('LEG_BILL_ID_39_9654', '39', 'MF_1_20260214_6990141ba4e17', 11881, '2025-01-07', 'INFILE'),
('LEG_BILL_ID_3_9504', '3', 'MF_2_20260214_6990145cab410', 9904, '2025-08-02', 'INFILE'),
('LEG_BILL_ID_400_2578', '400', 'MF_3_20260214_6990142be9cd8', 343, '2024-04-19', 'INFILE'),
('LEG_BILL_ID_401_9598', '401', 'MF_3_20260214_6990142be9cd8', 30328, '2024-02-17', 'INFILE'),
('LEG_BILL_ID_402_7654', '402', 'MF_4_20260214_6990147110cf5', 13224, '2025-02-07', 'INFILE'),
('LEG_BILL_ID_403_9446', '403', 'MF_2_20260214_6990145cab410', 23094, '2024-08-02', 'ISSUED'),
('LEG_BILL_ID_404_2033', '404', 'MF_5_20260214_6990143e21df9', 15819, '2024-05-27', 'INFILE'),
('LEG_BILL_ID_405_3803', '405', 'MF_3_20260214_6990142be9cd8', 14239, '2024-08-16', 'INFILE'),
('LEG_BILL_ID_406_5242', '406', 'MF_2_20260214_6990145cab410', 17909, '2024-12-16', 'INFILE'),
('LEG_BILL_ID_407_9708', '407', 'MF_3_20260214_6990142be9cd8', 20900, '2024-03-12', 'INFILE'),
('LEG_BILL_ID_408_5824', '408', 'MF_3_20260214_6990142be9cd8', 1798, '2024-09-28', 'INFILE'),
('LEG_BILL_ID_409_4626', '409', 'MF_1_20260214_6990141ba4e17', 15453, '2025-02-26', 'INFILE'),
('LEG_BILL_ID_40_6492', '40', 'MF_2_20260214_6990145cab410', 28995, '2025-12-26', 'INFILE'),
('LEG_BILL_ID_410_2799', '410', 'MF_3_20260214_6990142be9cd8', 8007, '2025-03-30', 'INFILE'),
('LEG_BILL_ID_411_6520', '411', 'MF_5_20260214_6990143e21df9', 3054, '2025-03-27', 'INFILE'),
('LEG_BILL_ID_412_9134', '412', 'MF_3_20260214_6990142be9cd8', 28238, '2025-09-30', 'INFILE'),
('LEG_BILL_ID_413_6145', '413', 'MF_1_20260214_6990141ba4e17', 6248, '2025-08-08', 'INFILE'),
('LEG_BILL_ID_414_2695', '414', 'MF_1_20260214_6990141ba4e17', 24569, '2024-11-29', 'INFILE'),
('LEG_BILL_ID_415_9462', '415', 'MF_4_20260214_6990147110cf5', 11579, '2025-01-06', 'INFILE'),
('LEG_BILL_ID_416_9474', '416', 'MF_3_20260214_6990142be9cd8', 5927, '2024-11-20', 'INFILE'),
('LEG_BILL_ID_417_4260', '417', 'MF_3_20260214_6990142be9cd8', 9079, '2024-10-06', 'INFILE'),
('LEG_BILL_ID_418_6498', '418', 'MF_4_20260214_6990147110cf5', 7705, '2024-11-17', 'INFILE'),
('LEG_BILL_ID_419_5932', '419', 'MF_2_20260214_6990145cab410', 9614, '2024-11-28', 'INFILE'),
('LEG_BILL_ID_41_5652', '41', 'MF_3_20260214_6990142be9cd8', 4700, '2025-01-09', 'INFILE'),
('LEG_BILL_ID_420_3335', '420', 'MF_2_20260214_6990145cab410', 317, '2026-02-12', 'INFILE'),
('LEG_BILL_ID_421_3076', '421', 'MF_1_20260214_6990141ba4e17', 2011, '2025-08-18', 'INFILE'),
('LEG_BILL_ID_422_7735', '422', 'MF_1_20260214_6990141ba4e17', 0, '2024-03-02', 'NILL'),
('LEG_BILL_ID_423_7701', '423', 'MF_3_20260214_6990142be9cd8', 5356, '2024-03-04', 'INFILE'),
('LEG_BILL_ID_424_3250', '424', 'MF_2_20260214_6990145cab410', 17793, '2025-12-06', 'INFILE'),
('LEG_BILL_ID_425_3040', '425', 'MF_3_20260214_6990142be9cd8', 3646, '2024-08-30', 'INFILE'),
('LEG_BILL_ID_426_8501', '426', 'MF_5_20260214_6990143e21df9', 4590, '2024-06-17', 'INFILE'),
('LEG_BILL_ID_427_6543', '427', 'MF_3_20260214_6990142be9cd8', 15134, '2024-07-16', 'INFILE'),
('LEG_BILL_ID_428_1163', '428', 'MF_3_20260214_6990142be9cd8', 12065, '2026-02-08', 'INFILE'),
('LEG_BILL_ID_429_3540', '429', 'MF_2_20260214_6990145cab410', 5288, '2025-05-13', 'INFILE'),
('LEG_BILL_ID_42_9114', '42', 'MF_2_20260214_6990145cab410', 19636, '2025-07-17', 'INFILE'),
('LEG_BILL_ID_430_6472', '430', 'MF_5_20260214_6990143e21df9', 3548, '2025-09-09', 'INFILE'),
('LEG_BILL_ID_431_8215', '431', 'MF_4_20260214_6990147110cf5', 28710, '2025-06-09', 'INFILE'),
('LEG_BILL_ID_432_9949', '432', 'MF_1_20260214_6990141ba4e17', 5000, '2024-09-12', 'INFILE'),
('LEG_BILL_ID_433_3046', '433', 'MF_4_20260214_6990147110cf5', 7373, '2024-11-16', 'INFILE'),
('LEG_BILL_ID_434_4273', '434', 'MF_5_20260214_6990143e21df9', 815, '2025-12-04', 'INFILE'),
('LEG_BILL_ID_435_9592', '435', 'MF_3_20260214_6990142be9cd8', 7869, '2024-03-12', 'INFILE'),
('LEG_BILL_ID_436_2805', '436', 'MF_2_20260214_6990145cab410', 3637, '2024-03-15', 'INFILE'),
('LEG_BILL_ID_437_8869', '437', 'MF_2_20260214_6990145cab410', 2122, '2025-02-12', 'INFILE'),
('LEG_BILL_ID_438_1819', '438', 'MF_1_20260214_6990141ba4e17', 2082, '2025-11-28', 'INFILE'),
('LEG_BILL_ID_439_3142', '439', 'MF_3_20260214_6990142be9cd8', 2230, '2024-03-04', 'INFILE'),
('LEG_BILL_ID_43_7295', '43', 'MF_5_20260214_6990143e21df9', 25437, '2024-12-27', 'INFILE'),
('LEG_BILL_ID_440_7577', '440', 'MF_2_20260214_6990145cab410', 1032, '2025-04-17', 'INFILE'),
('LEG_BILL_ID_441_2379', '441', 'MF_3_20260214_6990142be9cd8', 5823, '2025-02-16', 'INFILE'),
('LEG_BILL_ID_442_2311', '442', 'MF_2_20260214_6990145cab410', 3300, '2025-02-19', 'INFILE'),
('LEG_BILL_ID_443_2209', '443', 'MF_1_20260214_6990141ba4e17', 26000, '2024-09-05', 'INFILE'),
('LEG_BILL_ID_444_4310', '444', 'MF_2_20260214_6990145cab410', 8064, '2025-10-12', 'INFILE'),
('LEG_BILL_ID_445_5310', '445', 'MF_1_20260214_6990141ba4e17', 11396, '2024-04-22', 'INFILE'),
('LEG_BILL_ID_446_1650', '446', 'MF_2_20260214_6990145cab410', 25835, '2024-11-07', 'INFILE'),
('LEG_BILL_ID_447_9924', '447', 'MF_3_20260214_6990142be9cd8', 41059, '2024-04-03', 'INFILE'),
('LEG_BILL_ID_448_7693', '448', 'MF_1_20260214_6990141ba4e17', 4414, '2025-10-17', 'INFILE'),
('LEG_BILL_ID_449_7911', '449', 'MF_3_20260214_6990142be9cd8', 4229, '2025-02-08', 'INFILE'),
('LEG_BILL_ID_44_2129', '44', 'MF_3_20260214_6990142be9cd8', 7012, '2025-03-15', 'INFILE'),
('LEG_BILL_ID_450_8365', '450', 'MF_3_20260214_6990142be9cd8', 2673, '2025-06-26', 'INFILE'),
('LEG_BILL_ID_451_3544', '451', 'MF_2_20260214_6990145cab410', 20430, '2025-12-21', 'INFILE'),
('LEG_BILL_ID_452_7134', '452', 'MF_2_20260214_6990145cab410', 8233, '2025-07-08', 'INFILE'),
('LEG_BILL_ID_453_3101', '453', 'MF_3_20260214_6990142be9cd8', 25592, '2025-11-13', 'INFILE'),
('LEG_BILL_ID_454_6680', '454', 'MF_3_20260214_6990142be9cd8', 12446, '2025-09-08', 'INFILE'),
('LEG_BILL_ID_455_9373', '455', 'MF_3_20260214_6990142be9cd8', 1062, '2024-03-16', 'INFILE'),
('LEG_BILL_ID_456_6229', '456', 'MF_2_20260214_6990145cab410', 21479, '2025-06-13', 'INFILE'),
('LEG_BILL_ID_457_8758', '457', 'MF_3_20260214_6990142be9cd8', 4728, '2026-01-05', 'INFILE'),
('LEG_BILL_ID_458_5801', '458', 'MF_3_20260214_6990142be9cd8', 15311, '2025-04-30', 'INFILE'),
('LEG_BILL_ID_459_8719', '459', 'MF_5_20260214_6990143e21df9', 29410, '2024-06-06', 'INFILE'),
('LEG_BILL_ID_45_3323', '45', 'MF_3_20260214_6990142be9cd8', 1256, '2024-12-24', 'INFILE'),
('LEG_BILL_ID_460_9972', '460', 'MF_1_20260214_6990141ba4e17', 5538, '2025-10-14', 'INFILE'),
('LEG_BILL_ID_461_3962', '461', 'MF_2_20260214_6990145cab410', 682, '2024-03-04', 'ISSUED'),
('LEG_BILL_ID_462_7829', '462', 'MF_2_20260214_6990145cab410', 344, '2025-11-25', 'INFILE'),
('LEG_BILL_ID_463_6332', '463', 'MF_5_20260214_6990143e21df9', 9834, '2024-06-16', 'INFILE'),
('LEG_BILL_ID_464_1444', '464', 'MF_2_20260214_6990145cab410', 29581, '2025-05-08', 'INFILE'),
('LEG_BILL_ID_465_8019', '465', 'MF_4_20260214_6990147110cf5', 26264, '2025-08-30', 'INFILE'),
('LEG_BILL_ID_466_8728', '466', 'MF_2_20260214_6990145cab410', 10000, '2024-06-07', 'INFILE'),
('LEG_BILL_ID_467_7799', '467', 'MF_1_20260214_6990141ba4e17', 3772, '2024-12-17', 'INFILE'),
('LEG_BILL_ID_468_2012', '468', 'MF_2_20260214_6990145cab410', 34230, '2024-09-19', 'INFILE'),
('LEG_BILL_ID_469_2548', '469', 'MF_3_20260214_6990142be9cd8', 7202, '2025-11-04', 'INFILE'),
('LEG_BILL_ID_46_5633', '46', 'MF_2_20260214_6990145cab410', 10460, '2024-05-03', 'INFILE'),
('LEG_BILL_ID_470_2334', '470', 'MF_1_20260214_6990141ba4e17', 1373, '2024-12-26', 'INFILE'),
('LEG_BILL_ID_471_2509', '471', 'MF_5_20260214_6990143e21df9', 4995, '2024-12-28', 'INFILE'),
('LEG_BILL_ID_472_1146', '472', 'MF_1_20260214_6990141ba4e17', 0, '2024-10-15', 'NILL'),
('LEG_BILL_ID_473_1923', '473', 'MF_2_20260214_6990145cab410', 252, '2024-02-19', 'INFILE'),
('LEG_BILL_ID_474_5214', '474', 'MF_4_20260214_6990147110cf5', 19375, '2025-03-11', 'INFILE'),
('LEG_BILL_ID_475_2113', '475', 'MF_4_20260214_6990147110cf5', 41370, '2024-09-13', 'INFILE'),
('LEG_BILL_ID_476_5816', '476', 'MF_5_20260214_6990143e21df9', 8384, '2026-01-16', 'INFILE'),
('LEG_BILL_ID_477_9264', '477', 'MF_2_20260214_6990145cab410', 42807, '2025-02-14', 'INFILE'),
('LEG_BILL_ID_478_7691', '478', 'MF_4_20260214_6990147110cf5', 5624, '2024-11-22', 'INFILE'),
('LEG_BILL_ID_479_9686', '479', 'MF_5_20260214_6990143e21df9', 28493, '2024-07-24', 'INFILE'),
('LEG_BILL_ID_47_9739', '47', 'MF_2_20260214_6990145cab410', 0, '2024-04-06', 'NILL'),
('LEG_BILL_ID_480_9596', '480', 'MF_5_20260214_6990143e21df9', 15479, '2025-09-07', 'INFILE'),
('LEG_BILL_ID_481_5135', '481', 'MF_5_20260214_6990143e21df9', 17260, '2024-10-10', 'INFILE'),
('LEG_BILL_ID_482_5787', '482', 'MF_2_20260214_6990145cab410', 4703, '2025-02-27', 'INFILE'),
('LEG_BILL_ID_483_7090', '483', 'MF_2_20260214_6990145cab410', 1635, '2025-11-23', 'INFILE'),
('LEG_BILL_ID_484_4409', '484', 'MF_4_20260214_6990147110cf5', 7660, '2024-06-21', 'INFILE'),
('LEG_BILL_ID_485_2433', '485', 'MF_3_20260214_6990142be9cd8', 19607, '2025-11-19', 'INFILE'),
('LEG_BILL_ID_486_7457', '486', 'MF_2_20260214_6990145cab410', 1980, '2025-03-28', 'INFILE'),
('LEG_BILL_ID_487_6899', '487', 'MF_5_20260214_6990143e21df9', 16530, '2024-11-20', 'INFILE'),
('LEG_BILL_ID_488_4564', '488', 'MF_2_20260214_6990145cab410', 14710, '2025-06-02', 'INFILE'),
('LEG_BILL_ID_489_8945', '489', 'MF_4_20260214_6990147110cf5', 4108, '2025-03-14', 'INFILE'),
('LEG_BILL_ID_48_9742', '48', 'MF_2_20260214_6990145cab410', 19000, '2024-06-13', 'INFILE'),
('LEG_BILL_ID_490_8109', '490', 'MF_2_20260214_6990145cab410', 26263, '2025-11-23', 'INFILE'),
('LEG_BILL_ID_491_9464', '491', 'MF_5_20260214_6990143e21df9', 12270, '2025-12-15', 'INFILE'),
('LEG_BILL_ID_492_8599', '492', 'MF_4_20260214_6990147110cf5', 19104, '2025-04-06', 'INFILE'),
('LEG_BILL_ID_493_4918', '493', 'MF_5_20260214_6990143e21df9', 972, '2024-04-22', 'INFILE'),
('LEG_BILL_ID_494_1954', '494', 'MF_4_20260214_6990147110cf5', 1684, '2025-05-03', 'INFILE'),
('LEG_BILL_ID_495_6673', '495', 'MF_2_20260214_6990145cab410', 175, '2025-06-22', 'INFILE'),
('LEG_BILL_ID_496_9476', '496', 'MF_4_20260214_6990147110cf5', 30272, '2025-02-04', 'INFILE'),
('LEG_BILL_ID_497_4616', '497', 'MF_4_20260214_6990147110cf5', 7717, '2024-09-21', 'INFILE'),
('LEG_BILL_ID_498_7476', '498', 'MF_3_20260214_6990142be9cd8', 24446, '2025-07-17', 'INFILE'),
('LEG_BILL_ID_499_2218', '499', 'MF_3_20260214_6990142be9cd8', 39379, '2024-09-09', 'INFILE'),
('LEG_BILL_ID_49_4107', '49', 'MF_3_20260214_6990142be9cd8', 25151, '2026-01-06', 'INFILE'),
('LEG_BILL_ID_4_3677', '4', 'MF_3_20260214_6990142be9cd8', 6564, '2024-12-29', 'INFILE'),
('LEG_BILL_ID_500_4962', '500', 'MF_2_20260214_6990145cab410', 8198, '2024-11-28', 'INFILE'),
('LEG_BILL_ID_50_7739', '50', 'MF_3_20260214_6990142be9cd8', 16041, '2024-08-15', 'INFILE'),
('LEG_BILL_ID_51_9812', '51', 'MF_1_20260214_6990141ba4e17', 15259, '2025-04-07', 'INFILE'),
('LEG_BILL_ID_52_4587', '52', 'MF_2_20260214_6990145cab410', 5282, '2026-01-16', 'INFILE'),
('LEG_BILL_ID_53_2567', '53', 'MF_2_20260214_6990145cab410', 2000, '2024-03-26', 'INFILE'),
('LEG_BILL_ID_54_4846', '54', 'MF_4_20260214_6990147110cf5', 9142, '2024-11-02', 'INFILE'),
('LEG_BILL_ID_55_2902', '55', 'MF_5_20260214_6990143e21df9', 3977, '2024-12-24', 'INFILE'),
('LEG_BILL_ID_56_8983', '56', 'MF_2_20260214_6990145cab410', 23056, '2024-12-20', 'INFILE'),
('LEG_BILL_ID_57_4767', '57', 'MF_2_20260214_6990145cab410', 8718, '2024-10-03', 'INFILE'),
('LEG_BILL_ID_58_2628', '58', 'MF_3_20260214_6990142be9cd8', 3899, '2025-09-14', 'INFILE'),
('LEG_BILL_ID_59_1102', '59', 'MF_1_20260214_6990141ba4e17', 26999, '2025-02-21', 'INFILE'),
('LEG_BILL_ID_5_2057', '5', 'MF_3_20260214_6990142be9cd8', 24527, '2024-11-27', 'INFILE'),
('LEG_BILL_ID_60_3566', '60', 'MF_2_20260214_6990145cab410', 19385, '2024-07-14', 'ISSUED'),
('LEG_BILL_ID_61_5706', '61', 'MF_3_20260214_6990142be9cd8', 5446, '2024-08-04', 'INFILE'),
('LEG_BILL_ID_62_1687', '62', 'MF_2_20260214_6990145cab410', 15028, '2025-11-25', 'INFILE'),
('LEG_BILL_ID_63_4735', '63', 'MF_5_20260214_6990143e21df9', 118, '2025-09-27', 'INFILE'),
('LEG_BILL_ID_64_6203', '64', 'MF_3_20260214_6990142be9cd8', 569, '2024-08-25', 'INFILE'),
('LEG_BILL_ID_65_7869', '65', 'MF_4_20260214_6990147110cf5', 23504, '2025-05-21', 'INFILE'),
('LEG_BILL_ID_66_5404', '66', 'MF_3_20260214_6990142be9cd8', 14986, '2026-02-12', 'INFILE'),
('LEG_BILL_ID_67_9076', '67', 'MF_2_20260214_6990145cab410', 22922, '2025-08-27', 'INFILE'),
('LEG_BILL_ID_68_8331', '68', 'MF_3_20260214_6990142be9cd8', 14398, '2025-08-05', 'INFILE'),
('LEG_BILL_ID_69_5948', '69', 'MF_3_20260214_6990142be9cd8', 32420, '2025-09-05', 'INFILE'),
('LEG_BILL_ID_6_5442', '6', 'MF_2_20260214_6990145cab410', 23367, '2024-07-20', 'ISSUED'),
('LEG_BILL_ID_70_9068', '70', 'MF_3_20260214_6990142be9cd8', 2892, '2025-06-17', 'INFILE'),
('LEG_BILL_ID_71_8461', '71', 'MF_3_20260214_6990142be9cd8', 18317, '2025-09-28', 'INFILE'),
('LEG_BILL_ID_72_2772', '72', 'MF_1_20260214_6990141ba4e17', 3000, '2024-08-28', 'INFILE'),
('LEG_BILL_ID_73_8789', '73', 'MF_5_20260214_6990143e21df9', 24535, '2025-07-20', 'INFILE'),
('LEG_BILL_ID_74_5263', '74', 'MF_5_20260214_6990143e21df9', 2747, '2025-01-02', 'INFILE'),
('LEG_BILL_ID_75_1290', '75', 'MF_2_20260214_6990145cab410', 1211, '2025-07-04', 'INFILE'),
('LEG_BILL_ID_76_9932', '76', 'MF_3_20260214_6990142be9cd8', 352, '2024-09-03', 'INFILE'),
('LEG_BILL_ID_77_2401', '77', 'MF_3_20260214_6990142be9cd8', 10108, '2024-10-15', 'INFILE'),
('LEG_BILL_ID_78_5162', '78', 'MF_5_20260214_6990143e21df9', 44246, '2025-05-23', 'INFILE'),
('LEG_BILL_ID_79_4040', '79', 'MF_3_20260214_6990142be9cd8', 30677, '2025-07-25', 'INFILE'),
('LEG_BILL_ID_7_9627', '7', 'MF_4_20260214_6990147110cf5', 6133, '2024-07-01', 'INFILE'),
('LEG_BILL_ID_80_4568', '80', 'MF_3_20260214_6990142be9cd8', 18633, '2025-11-08', 'INFILE'),
('LEG_BILL_ID_81_2567', '81', 'MF_3_20260214_6990142be9cd8', 20542, '2025-02-09', 'INFILE'),
('LEG_BILL_ID_82_9291', '82', 'MF_3_20260214_6990142be9cd8', 4375, '2024-06-25', 'INFILE'),
('LEG_BILL_ID_83_6613', '83', 'MF_3_20260214_6990142be9cd8', 566, '2025-05-03', 'INFILE'),
('LEG_BILL_ID_84_6123', '84', 'MF_1_20260214_6990141ba4e17', 4227, '2025-01-28', 'INFILE'),
('LEG_BILL_ID_85_5748', '85', 'MF_1_20260214_6990141ba4e17', 0, '2024-02-18', 'NILL'),
('LEG_BILL_ID_86_7173', '86', 'MF_4_20260214_6990147110cf5', 24356, '2025-10-08', 'INFILE'),
('LEG_BILL_ID_87_4995', '87', 'MF_2_20260214_6990145cab410', 18399, '2026-01-19', 'INFILE'),
('LEG_BILL_ID_88_2981', '88', 'MF_3_20260214_6990142be9cd8', 9559, '2025-10-29', 'INFILE'),
('LEG_BILL_ID_89_7406', '89', 'MF_3_20260214_6990142be9cd8', 22543, '2024-06-12', 'INFILE'),
('LEG_BILL_ID_8_1603', '8', 'MF_3_20260214_6990142be9cd8', 7494, '2024-07-19', 'INFILE'),
('LEG_BILL_ID_90_8391', '90', 'MF_3_20260214_6990142be9cd8', 20391, '2025-01-18', 'INFILE'),
('LEG_BILL_ID_91_6377', '91', 'MF_4_20260214_6990147110cf5', 11707, '2024-11-27', 'INFILE'),
('LEG_BILL_ID_92_7622', '92', 'MF_3_20260214_6990142be9cd8', 2232, '2024-10-21', 'INFILE'),
('LEG_BILL_ID_93_5788', '93', 'MF_3_20260214_6990142be9cd8', 21376, '2025-12-04', 'INFILE'),
('LEG_BILL_ID_94_4927', '94', 'MF_2_20260214_6990145cab410', 20346, '2024-12-05', 'INFILE'),
('LEG_BILL_ID_95_3012', '95', 'MF_5_20260214_6990143e21df9', 28489, '2025-11-20', 'INFILE'),
('LEG_BILL_ID_96_6045', '96', 'MF_1_20260214_6990141ba4e17', 0, '2024-05-24', 'NILL'),
('LEG_BILL_ID_97_8234', '97', 'MF_4_20260214_6990147110cf5', 13839, '2025-04-07', 'INFILE'),
('LEG_BILL_ID_98_6520', '98', 'MF_3_20260214_6990142be9cd8', 6346, '2024-09-23', 'INFILE'),
('LEG_BILL_ID_99_5500', '99', 'MF_3_20260214_6990142be9cd8', 2647, '2025-12-11', 'INFILE'),
('LEG_BILL_ID_9_3724', '9', 'MF_5_20260214_6990143e21df9', 528, '2026-02-08', 'INFILE');

-- --------------------------------------------------------

--
-- Stand-in structure for view `billsinfo`
-- (See below for the actual view)
--
CREATE TABLE `billsinfo` (
`bill_id` varchar(100)
,`customer_name` text
,`saleman_name` text
,`sector_name` text
,`bill_date` date
,`bill_amount` bigint(20)
);

-- --------------------------------------------------------

--
-- Table structure for table `bill_ledger`
--

CREATE TABLE `bill_ledger` (
  `ledger_id` int(11) NOT NULL,
  `ref_id` int(11) NOT NULL,
  `ledger_date` date NOT NULL,
  `customer_id` text NOT NULL,
  `bill_id` text NOT NULL,
  `bill_amount` bigint(20) NOT NULL,
  `recived_amount` bigint(20) NOT NULL,
  `return_amount` bigint(20) NOT NULL DEFAULT 0,
  `remaining_amount` bigint(20) NOT NULL,
  `bill_status` enum('NILL','BF','INFILE') NOT NULL DEFAULT 'INFILE'
) ENGINE=InnoDB DEFAULT CHARSET=utf8mb4 COLLATE=utf8mb4_general_ci;

--
-- Dumping data for table `bill_ledger`
--

INSERT INTO `bill_ledger` (`ledger_id`, `ref_id`, `ledger_date`, `customer_id`, `bill_id`, `bill_amount`, `recived_amount`, `return_amount`, `remaining_amount`, `bill_status`) VALUES
(1, 0, '2025-10-20', '1', 'LEG_BILL_ID_1_6158', 40507, 16845, 0, 23662, 'INFILE'),
(2, 0, '2024-03-13', '2', 'LEG_BILL_ID_2_8183', 35334, 19672, 0, 15662, 'INFILE'),
(3, 0, '2025-08-02', '3', 'LEG_BILL_ID_3_9504', 21763, 11859, 0, 9904, 'INFILE'),
(4, 0, '2024-12-29', '4', 'LEG_BILL_ID_4_3677', 13284, 6720, 0, 6564, 'INFILE'),
(5, 0, '2024-11-27', '5', 'LEG_BILL_ID_5_2057', 46031, 21504, 0, 24527, 'INFILE'),
(6, 0, '2024-07-20', '6', 'LEG_BILL_ID_6_5442', 31890, 8523, 0, 23367, 'INFILE'),
(7, 0, '2024-07-01', '7', 'LEG_BILL_ID_7_9627', 24238, 18105, 0, 6133, 'INFILE'),
(8, 0, '2024-07-19', '8', 'LEG_BILL_ID_8_1603', 12579, 5085, 0, 7494, 'INFILE'),
(9, 0, '2026-02-08', '9', 'LEG_BILL_ID_9_3724', 21093, 20565, 0, 528, 'INFILE'),
(10, 0, '2025-03-28', '10', 'LEG_BILL_ID_10_2166', 44556, 18184, 0, 26372, 'INFILE'),
(11, 0, '2024-11-07', '11', 'LEG_BILL_ID_11_1055', 34909, 33419, 0, 1490, 'INFILE'),
(12, 0, '2025-02-06', '12', 'LEG_BILL_ID_12_5671', 6065, 4544, 0, 1521, 'INFILE'),
(13, 0, '2024-05-24', '13', 'LEG_BILL_ID_13_6344', 9249, 5714, 0, 3535, 'INFILE'),
(14, 0, '2024-05-09', '14', 'LEG_BILL_ID_14_7316', 39090, 32553, 0, 6537, 'INFILE'),
(15, 0, '2025-02-18', '15', 'LEG_BILL_ID_15_5617', 2018, 101, 0, 1917, 'INFILE'),
(16, 0, '2025-07-29', '16', 'LEG_BILL_ID_16_4384', 23485, 14419, 0, 9066, 'INFILE'),
(17, 0, '2025-01-31', '17', 'LEG_BILL_ID_17_2935', 35196, 26797, 0, 8399, 'INFILE'),
(18, 0, '2024-11-03', '18', 'LEG_BILL_ID_18_2864', 9746, 6479, 0, 3267, 'INFILE'),
(19, 0, '2025-08-28', '19', 'LEG_BILL_ID_19_1666', 42126, 16681, 0, 25445, 'INFILE'),
(20, 0, '2024-10-25', '20', 'LEG_BILL_ID_20_9713', 31929, 21700, 0, 10229, 'INFILE'),
(21, 0, '2025-07-13', '21', 'LEG_BILL_ID_21_4443', 48679, 21556, 0, 27123, 'INFILE'),
(22, 0, '2024-03-17', '22', 'LEG_BILL_ID_22_1005', 8709, 1117, 0, 7592, 'INFILE'),
(23, 0, '2025-03-08', '23', 'LEG_BILL_ID_23_8130', 6342, 4069, 0, 2273, 'INFILE'),
(24, 0, '2025-12-10', '24', 'LEG_BILL_ID_24_8922', 22496, 6000, 0, 16496, 'INFILE'),
(25, 0, '2025-04-30', '25', 'LEG_BILL_ID_25_3134', 24296, 11094, 0, 13202, 'INFILE'),
(26, 0, '2025-06-26', '26', 'LEG_BILL_ID_26_8503', 47274, 36454, 0, 10820, 'INFILE'),
(27, 0, '2025-11-21', '27', 'LEG_BILL_ID_27_3464', 21919, 17254, 0, 4665, 'INFILE'),
(28, 0, '2025-02-19', '28', 'LEG_BILL_ID_28_7190', 47563, 42682, 0, 4881, 'INFILE'),
(29, 0, '2024-02-26', '29', 'LEG_BILL_ID_29_4190', 31205, 13592, 0, 17613, 'INFILE'),
(30, 0, '2024-11-01', '30', 'LEG_BILL_ID_30_6413', 38362, 13383, 0, 24979, 'INFILE'),
(31, 0, '2024-07-22', '31', 'LEG_BILL_ID_31_4701', 11051, 8768, 0, 2283, 'INFILE'),
(32, 0, '2025-02-23', '32', 'LEG_BILL_ID_32_4733', 48761, 42206, 0, 6555, 'INFILE'),
(33, 0, '2025-05-27', '33', 'LEG_BILL_ID_33_8437', 40817, 20743, 0, 20074, 'INFILE'),
(34, 0, '2024-08-31', '34', 'LEG_BILL_ID_34_6231', 17146, 1831, 0, 15315, 'INFILE'),
(35, 0, '2024-03-11', '35', 'LEG_BILL_ID_35_1768', 35545, 11687, 0, 23858, 'INFILE'),
(36, 0, '2025-10-27', '36', 'LEG_BILL_ID_36_1400', 23954, 4180, 0, 19774, 'INFILE'),
(37, 0, '2025-03-11', '37', 'LEG_BILL_ID_37_2964', 10202, 3223, 0, 6979, 'INFILE'),
(38, 0, '2024-10-31', '38', 'LEG_BILL_ID_38_5668', 14517, 12502, 0, 2015, 'INFILE'),
(39, 0, '2025-01-07', '39', 'LEG_BILL_ID_39_9654', 24826, 12945, 0, 11881, 'INFILE'),
(40, 0, '2025-12-26', '40', 'LEG_BILL_ID_40_6492', 30564, 1569, 0, 28995, 'INFILE'),
(41, 0, '2025-01-09', '41', 'LEG_BILL_ID_41_5652', 7350, 2650, 0, 4700, 'INFILE'),
(42, 0, '2025-07-17', '42', 'LEG_BILL_ID_42_9114', 23273, 3637, 0, 19636, 'INFILE'),
(43, 0, '2024-12-27', '43', 'LEG_BILL_ID_43_7295', 42626, 17189, 0, 25437, 'INFILE'),
(44, 0, '2025-03-15', '44', 'LEG_BILL_ID_44_2129', 9932, 2920, 0, 7012, 'INFILE'),
(45, 0, '2024-12-24', '45', 'LEG_BILL_ID_45_3323', 2026, 770, 0, 1256, 'INFILE'),
(46, 0, '2024-05-03', '46', 'LEG_BILL_ID_46_5633', 16082, 5622, 0, 10460, 'INFILE'),
(47, 0, '2024-04-06', '47', 'LEG_BILL_ID_47_9739', 12297, 12218, 0, 79, 'INFILE'),
(48, 0, '2024-06-13', '48', 'LEG_BILL_ID_48_9742', 42221, 23166, 0, 19055, 'INFILE'),
(49, 0, '2026-01-06', '49', 'LEG_BILL_ID_49_4107', 34172, 9021, 0, 25151, 'INFILE'),
(50, 0, '2024-08-15', '50', 'LEG_BILL_ID_50_7739', 45431, 29390, 0, 16041, 'INFILE'),
(51, 0, '2025-04-07', '51', 'LEG_BILL_ID_51_9812', 18389, 3130, 0, 15259, 'INFILE'),
(52, 0, '2026-01-16', '52', 'LEG_BILL_ID_52_4587', 32398, 27116, 0, 5282, 'INFILE'),
(53, 0, '2024-03-26', '53', 'LEG_BILL_ID_53_2567', 11606, 8881, 0, 2725, 'INFILE'),
(54, 0, '2024-11-02', '54', 'LEG_BILL_ID_54_4846', 15353, 6211, 0, 9142, 'INFILE'),
(55, 0, '2024-12-24', '55', 'LEG_BILL_ID_55_2902', 8412, 4435, 0, 3977, 'INFILE'),
(56, 0, '2024-12-20', '56', 'LEG_BILL_ID_56_8983', 48627, 25571, 0, 23056, 'INFILE'),
(57, 0, '2024-10-03', '57', 'LEG_BILL_ID_57_4767', 40212, 31494, 0, 8718, 'INFILE'),
(58, 0, '2025-09-14', '58', 'LEG_BILL_ID_58_2628', 7399, 3500, 0, 3899, 'INFILE'),
(59, 0, '2025-02-21', '59', 'LEG_BILL_ID_59_1102', 48594, 21595, 0, 26999, 'INFILE'),
(60, 0, '2024-07-14', '60', 'LEG_BILL_ID_60_3566', 21549, 2164, 0, 19385, 'INFILE'),
(61, 0, '2024-08-04', '61', 'LEG_BILL_ID_61_5706', 37817, 32371, 0, 5446, 'INFILE'),
(62, 0, '2025-11-25', '62', 'LEG_BILL_ID_62_1687', 43897, 28869, 0, 15028, 'INFILE'),
(63, 0, '2025-09-27', '63', 'LEG_BILL_ID_63_4735', 27508, 27390, 0, 118, 'INFILE'),
(64, 0, '2024-08-25', '64', 'LEG_BILL_ID_64_6203', 1724, 1155, 0, 569, 'INFILE'),
(65, 0, '2025-05-21', '65', 'LEG_BILL_ID_65_7869', 28279, 4775, 0, 23504, 'INFILE'),
(66, 0, '2026-02-12', '66', 'LEG_BILL_ID_66_5404', 42480, 27494, 0, 14986, 'INFILE'),
(67, 0, '2025-08-27', '67', 'LEG_BILL_ID_67_9076', 26884, 3962, 0, 22922, 'INFILE'),
(68, 0, '2025-08-05', '68', 'LEG_BILL_ID_68_8331', 28986, 14588, 0, 14398, 'INFILE'),
(69, 0, '2025-09-05', '69', 'LEG_BILL_ID_69_5948', 41376, 8956, 0, 32420, 'INFILE'),
(70, 0, '2025-06-17', '70', 'LEG_BILL_ID_70_9068', 9038, 6146, 0, 2892, 'INFILE'),
(71, 0, '2025-09-28', '71', 'LEG_BILL_ID_71_8461', 24225, 5908, 0, 18317, 'INFILE'),
(72, 0, '2024-08-28', '72', 'LEG_BILL_ID_72_2772', 39520, 35756, 0, 3764, 'INFILE'),
(73, 0, '2025-07-20', '73', 'LEG_BILL_ID_73_8789', 48870, 24335, 0, 24535, 'INFILE'),
(74, 0, '2025-01-02', '74', 'LEG_BILL_ID_74_5263', 10413, 7666, 0, 2747, 'INFILE'),
(75, 0, '2025-07-04', '75', 'LEG_BILL_ID_75_1290', 28509, 27298, 0, 1211, 'INFILE'),
(76, 0, '2024-09-03', '76', 'LEG_BILL_ID_76_9932', 8033, 7681, 0, 352, 'INFILE'),
(77, 0, '2024-10-15', '77', 'LEG_BILL_ID_77_2401', 44043, 33935, 0, 10108, 'INFILE'),
(78, 0, '2025-05-23', '78', 'LEG_BILL_ID_78_5162', 49318, 5072, 0, 44246, 'INFILE'),
(79, 0, '2025-07-25', '79', 'LEG_BILL_ID_79_4040', 33007, 2330, 0, 30677, 'INFILE'),
(80, 0, '2025-11-08', '80', 'LEG_BILL_ID_80_4568', 19113, 480, 0, 18633, 'INFILE'),
(81, 0, '2025-02-09', '81', 'LEG_BILL_ID_81_2567', 31135, 10593, 0, 20542, 'INFILE'),
(82, 0, '2024-06-25', '82', 'LEG_BILL_ID_82_9291', 31095, 26720, 0, 4375, 'INFILE'),
(83, 0, '2025-05-03', '83', 'LEG_BILL_ID_83_6613', 2755, 2189, 0, 566, 'INFILE'),
(84, 0, '2025-01-28', '84', 'LEG_BILL_ID_84_6123', 37312, 33085, 0, 4227, 'INFILE'),
(85, 0, '2024-02-18', '85', 'LEG_BILL_ID_85_5748', 37256, 35088, 0, 2168, 'INFILE'),
(86, 0, '2025-10-08', '86', 'LEG_BILL_ID_86_7173', 33848, 9492, 0, 24356, 'INFILE'),
(87, 0, '2026-01-19', '87', 'LEG_BILL_ID_87_4995', 47900, 29501, 0, 18399, 'INFILE'),
(88, 0, '2025-10-29', '88', 'LEG_BILL_ID_88_2981', 44036, 34477, 0, 9559, 'INFILE'),
(89, 0, '2024-06-12', '89', 'LEG_BILL_ID_89_7406', 25906, 3363, 0, 22543, 'INFILE'),
(90, 0, '2025-01-18', '90', 'LEG_BILL_ID_90_8391', 39036, 18645, 0, 20391, 'INFILE'),
(91, 0, '2024-11-27', '91', 'LEG_BILL_ID_91_6377', 18823, 7116, 0, 11707, 'INFILE'),
(92, 0, '2024-10-21', '92', 'LEG_BILL_ID_92_7622', 13380, 11148, 0, 2232, 'INFILE'),
(93, 0, '2025-12-04', '93', 'LEG_BILL_ID_93_5788', 24799, 3423, 0, 21376, 'INFILE'),
(94, 0, '2024-12-05', '94', 'LEG_BILL_ID_94_4927', 23606, 3260, 0, 20346, 'INFILE'),
(95, 0, '2025-11-20', '95', 'LEG_BILL_ID_95_3012', 38850, 10361, 0, 28489, 'INFILE'),
(96, 0, '2024-05-24', '96', 'LEG_BILL_ID_96_6045', 3939, 3605, 0, 334, 'INFILE'),
(97, 0, '2025-04-07', '97', 'LEG_BILL_ID_97_8234', 35110, 21271, 0, 13839, 'INFILE'),
(98, 0, '2024-09-23', '98', 'LEG_BILL_ID_98_6520', 14495, 8149, 0, 6346, 'INFILE'),
(99, 0, '2025-12-11', '99', 'LEG_BILL_ID_99_5500', 10066, 7419, 0, 2647, 'INFILE'),
(100, 0, '2026-01-23', '100', 'LEG_BILL_ID_100_1392', 9087, 4107, 0, 4980, 'INFILE'),
(101, 0, '2025-02-05', '101', 'LEG_BILL_ID_101_4915', 26167, 8043, 0, 18124, 'INFILE'),
(102, 0, '2024-09-29', '102', 'LEG_BILL_ID_102_7409', 42914, 22076, 0, 20838, 'INFILE'),
(103, 0, '2024-04-26', '103', 'LEG_BILL_ID_103_8960', 7379, 5093, 0, 2286, 'INFILE'),
(104, 0, '2025-12-08', '104', 'LEG_BILL_ID_104_4518', 18195, 11945, 0, 6250, 'INFILE'),
(105, 0, '2024-10-12', '105', 'LEG_BILL_ID_105_8974', 18824, 13867, 0, 4957, 'INFILE'),
(106, 0, '2025-10-28', '106', 'LEG_BILL_ID_106_7983', 34754, 4453, 0, 30301, 'INFILE'),
(107, 0, '2025-09-17', '107', 'LEG_BILL_ID_107_8522', 21156, 4228, 0, 16928, 'INFILE'),
(108, 0, '2024-12-02', '108', 'LEG_BILL_ID_108_6716', 12877, 5677, 0, 7200, 'INFILE'),
(109, 0, '2024-05-27', '109', 'LEG_BILL_ID_109_6569', 1817, 49, 0, 1768, 'INFILE'),
(110, 0, '2025-05-29', '110', 'LEG_BILL_ID_110_2070', 28162, 3856, 0, 24306, 'INFILE'),
(111, 0, '2024-06-16', '111', 'LEG_BILL_ID_111_6226', 10578, 373, 0, 10205, 'INFILE'),
(112, 0, '2024-08-07', '112', 'LEG_BILL_ID_112_6331', 46607, 25414, 0, 21193, 'INFILE'),
(113, 0, '2025-05-30', '113', 'LEG_BILL_ID_113_5274', 29631, 3311, 0, 26320, 'INFILE'),
(114, 0, '2024-10-08', '114', 'LEG_BILL_ID_114_1219', 38897, 18332, 0, 20565, 'INFILE'),
(115, 0, '2025-02-26', '115', 'LEG_BILL_ID_115_5996', 35367, 11787, 0, 23580, 'INFILE'),
(116, 0, '2024-04-11', '116', 'LEG_BILL_ID_116_4303', 21154, 13257, 0, 7897, 'INFILE'),
(117, 0, '2024-07-16', '117', 'LEG_BILL_ID_117_6112', 45269, 1522, 0, 43747, 'INFILE'),
(118, 0, '2024-06-20', '118', 'LEG_BILL_ID_118_8435', 48714, 14704, 0, 34010, 'INFILE'),
(119, 0, '2024-05-13', '119', 'LEG_BILL_ID_119_4685', 30369, 19387, 0, 10982, 'INFILE'),
(120, 0, '2025-12-10', '120', 'LEG_BILL_ID_120_7592', 28010, 2592, 0, 25418, 'INFILE'),
(121, 0, '2025-07-12', '121', 'LEG_BILL_ID_121_6676', 45493, 43465, 0, 2028, 'INFILE'),
(122, 0, '2025-11-03', '122', 'LEG_BILL_ID_122_2183', 34847, 31089, 0, 3758, 'INFILE'),
(123, 0, '2024-07-07', '123', 'LEG_BILL_ID_123_2425', 18352, 6934, 0, 11418, 'INFILE'),
(124, 0, '2024-03-26', '124', 'LEG_BILL_ID_124_5547', 29070, 1327, 0, 27743, 'INFILE'),
(125, 0, '2024-04-21', '125', 'LEG_BILL_ID_125_3331', 34910, 29518, 0, 5392, 'INFILE'),
(126, 0, '2024-03-06', '126', 'LEG_BILL_ID_126_9081', 13449, 5990, 0, 7459, 'INFILE'),
(127, 0, '2025-07-27', '127', 'LEG_BILL_ID_127_2376', 6597, 1471, 0, 5126, 'INFILE'),
(128, 0, '2025-07-28', '128', 'LEG_BILL_ID_128_6684', 18694, 17123, 0, 1571, 'INFILE'),
(129, 0, '2024-03-24', '129', 'LEG_BILL_ID_129_5980', 17490, 12725, 0, 4765, 'INFILE'),
(130, 0, '2026-01-23', '130', 'LEG_BILL_ID_130_2959', 49276, 24180, 0, 25096, 'INFILE'),
(131, 0, '2024-07-20', '131', 'LEG_BILL_ID_131_5313', 35469, 14865, 0, 20604, 'INFILE'),
(132, 0, '2025-02-07', '132', 'LEG_BILL_ID_132_8673', 49680, 31614, 0, 18066, 'INFILE'),
(133, 0, '2024-04-12', '133', 'LEG_BILL_ID_133_9545', 41052, 23214, 0, 17838, 'INFILE'),
(134, 0, '2025-08-05', '134', 'LEG_BILL_ID_134_5796', 43866, 22877, 0, 20989, 'INFILE'),
(135, 0, '2024-10-15', '135', 'LEG_BILL_ID_135_2251', 18704, 3321, 0, 15383, 'INFILE'),
(136, 0, '2024-03-02', '136', 'LEG_BILL_ID_136_1431', 41365, 27941, 0, 13424, 'INFILE'),
(137, 0, '2025-09-23', '137', 'LEG_BILL_ID_137_6678', 29040, 16053, 0, 12987, 'INFILE'),
(138, 0, '2025-05-07', '138', 'LEG_BILL_ID_138_9728', 3766, 1043, 0, 2723, 'INFILE'),
(139, 0, '2024-06-28', '139', 'LEG_BILL_ID_139_1355', 22458, 9553, 0, 12905, 'INFILE'),
(140, 0, '2024-03-13', '140', 'LEG_BILL_ID_140_2734', 25641, 17901, 0, 7740, 'INFILE'),
(141, 0, '2025-11-03', '141', 'LEG_BILL_ID_141_4688', 29749, 7313, 0, 22436, 'INFILE'),
(142, 0, '2025-03-13', '142', 'LEG_BILL_ID_142_2471', 27186, 17631, 0, 9555, 'INFILE'),
(143, 0, '2024-08-12', '143', 'LEG_BILL_ID_143_5920', 29706, 9905, 0, 19801, 'INFILE'),
(144, 0, '2024-08-09', '144', 'LEG_BILL_ID_144_5434', 43380, 16829, 0, 26551, 'INFILE'),
(145, 0, '2024-09-06', '145', 'LEG_BILL_ID_145_9557', 14721, 3635, 0, 11086, 'INFILE'),
(146, 0, '2025-02-04', '146', 'LEG_BILL_ID_146_5019', 26573, 8300, 0, 18273, 'INFILE'),
(147, 0, '2024-05-02', '147', 'LEG_BILL_ID_147_5719', 11267, 9184, 0, 2083, 'INFILE'),
(148, 0, '2025-07-31', '148', 'LEG_BILL_ID_148_9064', 25213, 17310, 0, 7903, 'INFILE'),
(149, 0, '2025-08-04', '149', 'LEG_BILL_ID_149_6870', 28085, 13516, 0, 14569, 'INFILE'),
(150, 0, '2024-07-14', '150', 'LEG_BILL_ID_150_1846', 21798, 10188, 0, 11610, 'INFILE'),
(151, 0, '2025-12-20', '151', 'LEG_BILL_ID_151_9029', 27674, 20382, 0, 7292, 'INFILE'),
(152, 0, '2025-05-24', '152', 'LEG_BILL_ID_152_2260', 43935, 23680, 0, 20255, 'INFILE'),
(153, 0, '2025-07-09', '153', 'LEG_BILL_ID_153_3086', 40320, 31189, 0, 9131, 'INFILE'),
(154, 0, '2024-02-25', '154', 'LEG_BILL_ID_154_4908', 29878, 12485, 0, 17393, 'INFILE'),
(155, 0, '2024-09-06', '155', 'LEG_BILL_ID_155_8181', 43295, 12161, 0, 31134, 'INFILE'),
(156, 0, '2026-02-10', '156', 'LEG_BILL_ID_156_7028', 47787, 41477, 0, 6310, 'INFILE'),
(157, 0, '2024-03-18', '157', 'LEG_BILL_ID_157_4756', 39756, 37643, 0, 2113, 'INFILE'),
(158, 0, '2025-12-16', '158', 'LEG_BILL_ID_158_2504', 28293, 12694, 0, 15599, 'INFILE'),
(159, 0, '2026-01-10', '159', 'LEG_BILL_ID_159_4783', 44061, 37313, 0, 6748, 'INFILE'),
(160, 0, '2025-12-27', '160', 'LEG_BILL_ID_160_6341', 4394, 2230, 0, 2164, 'INFILE'),
(161, 0, '2024-05-10', '161', 'LEG_BILL_ID_161_6443', 2693, 934, 0, 1759, 'INFILE'),
(162, 0, '2024-03-23', '162', 'LEG_BILL_ID_162_4899', 28047, 18167, 0, 9880, 'INFILE'),
(163, 0, '2025-03-27', '163', 'LEG_BILL_ID_163_8837', 7097, 3898, 0, 3199, 'INFILE'),
(164, 0, '2024-12-23', '164', 'LEG_BILL_ID_164_1219', 23559, 6032, 0, 17527, 'INFILE'),
(165, 0, '2024-07-13', '165', 'LEG_BILL_ID_165_6763', 15272, 7573, 0, 7699, 'INFILE'),
(166, 0, '2024-10-16', '166', 'LEG_BILL_ID_166_2037', 16425, 13096, 0, 3329, 'INFILE'),
(167, 0, '2024-04-01', '167', 'LEG_BILL_ID_167_8299', 24587, 23995, 0, 592, 'INFILE'),
(168, 0, '2026-02-07', '168', 'LEG_BILL_ID_168_9275', 7315, 4982, 0, 2333, 'INFILE'),
(169, 0, '2025-09-28', '169', 'LEG_BILL_ID_169_7322', 32448, 28386, 0, 4062, 'INFILE'),
(170, 0, '2024-08-30', '170', 'LEG_BILL_ID_170_5075', 26498, 25208, 0, 1290, 'INFILE'),
(171, 0, '2025-02-20', '171', 'LEG_BILL_ID_171_5648', 24071, 12047, 0, 12024, 'INFILE'),
(172, 0, '2025-06-02', '172', 'LEG_BILL_ID_172_3610', 27489, 8551, 0, 18938, 'INFILE'),
(173, 0, '2024-12-06', '173', 'LEG_BILL_ID_173_3534', 6593, 3749, 0, 2844, 'INFILE'),
(174, 0, '2026-02-03', '174', 'LEG_BILL_ID_174_5408', 25171, 1007, 0, 24164, 'INFILE'),
(175, 0, '2025-04-07', '175', 'LEG_BILL_ID_175_7665', 26665, 15922, 0, 10743, 'INFILE'),
(176, 0, '2025-03-08', '176', 'LEG_BILL_ID_176_8728', 32436, 10523, 0, 21913, 'INFILE'),
(177, 0, '2024-05-23', '177', 'LEG_BILL_ID_177_9812', 6895, 5592, 0, 1303, 'INFILE'),
(178, 0, '2024-11-08', '178', 'LEG_BILL_ID_178_9469', 33484, 30524, 0, 2960, 'INFILE'),
(179, 0, '2024-04-24', '179', 'LEG_BILL_ID_179_8047', 10304, 5447, 0, 4857, 'INFILE'),
(180, 0, '2025-11-29', '180', 'LEG_BILL_ID_180_2302', 40724, 17363, 0, 23361, 'INFILE'),
(181, 0, '2024-04-22', '181', 'LEG_BILL_ID_181_7486', 30534, 27072, 0, 3462, 'INFILE'),
(182, 0, '2025-04-16', '182', 'LEG_BILL_ID_182_1266', 20811, 6968, 0, 13843, 'INFILE'),
(183, 0, '2025-03-13', '183', 'LEG_BILL_ID_183_1888', 17592, 16938, 0, 654, 'INFILE'),
(184, 0, '2025-10-28', '184', 'LEG_BILL_ID_184_9899', 9281, 2949, 0, 6332, 'INFILE'),
(185, 0, '2025-11-01', '185', 'LEG_BILL_ID_185_2144', 47486, 7168, 0, 40318, 'INFILE'),
(186, 0, '2024-02-26', '186', 'LEG_BILL_ID_186_7121', 24972, 7797, 0, 17175, 'INFILE'),
(187, 0, '2025-11-23', '187', 'LEG_BILL_ID_187_6133', 36562, 32177, 0, 4385, 'INFILE'),
(188, 0, '2025-11-02', '188', 'LEG_BILL_ID_188_5640', 20595, 11910, 0, 8685, 'INFILE'),
(189, 0, '2025-11-03', '189', 'LEG_BILL_ID_189_2323', 27540, 8491, 0, 19049, 'INFILE'),
(190, 0, '2025-08-22', '190', 'LEG_BILL_ID_190_1971', 10331, 6970, 0, 3361, 'INFILE'),
(191, 0, '2024-08-19', '191', 'LEG_BILL_ID_191_3573', 46468, 28498, 0, 17970, 'INFILE'),
(192, 0, '2025-05-25', '192', 'LEG_BILL_ID_192_2679', 17518, 7285, 0, 10233, 'INFILE'),
(193, 0, '2024-10-14', '193', 'LEG_BILL_ID_193_7885', 17923, 8034, 0, 9889, 'INFILE'),
(194, 0, '2025-01-08', '194', 'LEG_BILL_ID_194_8813', 5663, 3265, 0, 2398, 'INFILE'),
(195, 0, '2025-10-08', '195', 'LEG_BILL_ID_195_3578', 3939, 1125, 0, 2814, 'INFILE'),
(196, 0, '2024-05-11', '196', 'LEG_BILL_ID_196_4140', 45856, 7625, 0, 38231, 'INFILE'),
(197, 0, '2025-08-18', '197', 'LEG_BILL_ID_197_1325', 7749, 1487, 0, 6262, 'INFILE'),
(198, 0, '2024-03-24', '198', 'LEG_BILL_ID_198_3386', 48259, 3804, 0, 44455, 'INFILE'),
(199, 0, '2024-03-09', '199', 'LEG_BILL_ID_199_3078', 11717, 6808, 0, 4909, 'INFILE'),
(200, 0, '2025-03-25', '200', 'LEG_BILL_ID_200_8713', 45191, 17400, 0, 27791, 'INFILE'),
(201, 0, '2024-02-19', '201', 'LEG_BILL_ID_201_6070', 22312, 6989, 0, 15323, 'INFILE'),
(202, 0, '2024-03-18', '202', 'LEG_BILL_ID_202_6685', 10883, 739, 0, 10144, 'INFILE'),
(203, 0, '2024-02-29', '203', 'LEG_BILL_ID_203_9178', 10407, 4946, 0, 5461, 'INFILE'),
(204, 0, '2026-01-01', '204', 'LEG_BILL_ID_204_6590', 25334, 23906, 0, 1428, 'INFILE'),
(205, 0, '2024-09-06', '205', 'LEG_BILL_ID_205_1550', 37077, 21328, 0, 15749, 'INFILE'),
(206, 0, '2025-09-06', '206', 'LEG_BILL_ID_206_9211', 27988, 7278, 0, 20710, 'INFILE'),
(207, 0, '2025-02-15', '207', 'LEG_BILL_ID_207_9496', 45027, 18142, 0, 26885, 'INFILE'),
(208, 0, '2025-06-28', '208', 'LEG_BILL_ID_208_1271', 39739, 12142, 0, 27597, 'INFILE'),
(209, 0, '2025-01-26', '209', 'LEG_BILL_ID_209_3159', 25019, 22694, 0, 2325, 'INFILE'),
(210, 0, '2025-06-22', '210', 'LEG_BILL_ID_210_6189', 33112, 17477, 0, 15635, 'INFILE'),
(211, 0, '2025-12-20', '211', 'LEG_BILL_ID_211_1771', 21656, 18105, 0, 3551, 'INFILE'),
(212, 0, '2024-06-26', '212', 'LEG_BILL_ID_212_2446', 34599, 18683, 0, 15916, 'INFILE'),
(213, 0, '2024-10-02', '213', 'LEG_BILL_ID_213_8465', 46234, 18217, 0, 28017, 'INFILE'),
(214, 0, '2025-06-09', '214', 'LEG_BILL_ID_214_7408', 15356, 1363, 0, 13993, 'INFILE'),
(215, 0, '2024-10-11', '215', 'LEG_BILL_ID_215_2936', 17975, 15312, 0, 2663, 'INFILE'),
(216, 0, '2025-07-05', '216', 'LEG_BILL_ID_216_6636', 8693, 4349, 0, 4344, 'INFILE'),
(217, 0, '2024-10-15', '217', 'LEG_BILL_ID_217_7378', 27831, 15424, 0, 12407, 'INFILE'),
(218, 0, '2025-04-07', '218', 'LEG_BILL_ID_218_7321', 6279, 2903, 0, 3376, 'INFILE'),
(219, 0, '2024-10-30', '219', 'LEG_BILL_ID_219_1259', 25768, 24593, 0, 1175, 'INFILE'),
(220, 0, '2025-03-12', '220', 'LEG_BILL_ID_220_8602', 42563, 14952, 0, 27611, 'INFILE'),
(221, 0, '2024-12-22', '221', 'LEG_BILL_ID_221_4240', 48156, 10601, 0, 37555, 'INFILE'),
(222, 0, '2025-01-08', '222', 'LEG_BILL_ID_222_3935', 19023, 2122, 0, 16901, 'INFILE'),
(223, 0, '2025-12-02', '223', 'LEG_BILL_ID_223_2850', 16931, 3664, 0, 13267, 'INFILE'),
(224, 0, '2024-10-09', '224', 'LEG_BILL_ID_224_1276', 8409, 3737, 0, 4672, 'INFILE'),
(225, 0, '2024-05-09', '225', 'LEG_BILL_ID_225_9958', 19884, 1695, 0, 18189, 'INFILE'),
(226, 0, '2025-08-12', '226', 'LEG_BILL_ID_226_8596', 16912, 15186, 0, 1726, 'INFILE'),
(227, 0, '2025-12-19', '227', 'LEG_BILL_ID_227_2318', 19538, 12774, 0, 6764, 'INFILE'),
(228, 0, '2026-01-31', '228', 'LEG_BILL_ID_228_7100', 36619, 34078, 0, 2541, 'INFILE'),
(229, 0, '2024-08-28', '229', 'LEG_BILL_ID_229_1632', 32105, 21562, 0, 10543, 'INFILE'),
(230, 0, '2025-03-08', '230', 'LEG_BILL_ID_230_6004', 15212, 14625, 0, 587, 'INFILE'),
(231, 0, '2025-08-08', '231', 'LEG_BILL_ID_231_6047', 7392, 6553, 0, 839, 'INFILE'),
(232, 0, '2025-04-21', '232', 'LEG_BILL_ID_232_7558', 25853, 21792, 0, 4061, 'INFILE'),
(233, 0, '2025-12-30', '233', 'LEG_BILL_ID_233_3166', 19025, 1381, 0, 17644, 'INFILE'),
(234, 0, '2024-03-07', '234', 'LEG_BILL_ID_234_4330', 5053, 1823, 0, 3230, 'INFILE'),
(235, 0, '2024-11-08', '235', 'LEG_BILL_ID_235_8720', 10200, 5947, 0, 4253, 'INFILE'),
(236, 0, '2026-01-24', '236', 'LEG_BILL_ID_236_6727', 17817, 1542, 0, 16275, 'INFILE'),
(237, 0, '2024-06-24', '237', 'LEG_BILL_ID_237_6717', 10259, 7161, 0, 3098, 'INFILE'),
(238, 0, '2025-09-26', '238', 'LEG_BILL_ID_238_2808', 28654, 28253, 0, 401, 'INFILE'),
(239, 0, '2024-12-09', '239', 'LEG_BILL_ID_239_4675', 13395, 7205, 0, 6190, 'INFILE'),
(240, 0, '2024-07-13', '240', 'LEG_BILL_ID_240_4964', 21126, 1428, 0, 19698, 'INFILE'),
(241, 0, '2025-02-04', '241', 'LEG_BILL_ID_241_8681', 44860, 25930, 0, 18930, 'INFILE'),
(242, 0, '2025-07-19', '242', 'LEG_BILL_ID_242_7473', 38983, 20621, 0, 18362, 'INFILE'),
(243, 0, '2024-11-05', '243', 'LEG_BILL_ID_243_3782', 12186, 7032, 0, 5154, 'INFILE'),
(244, 0, '2026-01-29', '244', 'LEG_BILL_ID_244_2649', 39858, 39318, 0, 540, 'INFILE'),
(245, 0, '2024-02-14', '245', 'LEG_BILL_ID_245_7578', 36102, 31799, 0, 4303, 'INFILE'),
(246, 0, '2024-02-29', '246', 'LEG_BILL_ID_246_5488', 34513, 26206, 0, 8307, 'INFILE'),
(247, 0, '2025-03-30', '247', 'LEG_BILL_ID_247_1342', 49807, 21955, 0, 27852, 'INFILE'),
(248, 0, '2025-02-03', '248', 'LEG_BILL_ID_248_2162', 10773, 6480, 0, 4293, 'INFILE'),
(249, 0, '2025-04-05', '249', 'LEG_BILL_ID_249_3564', 39436, 22215, 0, 17221, 'INFILE'),
(250, 0, '2025-10-02', '250', 'LEG_BILL_ID_250_3428', 36543, 28893, 0, 7650, 'INFILE'),
(251, 0, '2025-06-24', '251', 'LEG_BILL_ID_251_2013', 36469, 30553, 0, 5916, 'INFILE'),
(252, 0, '2024-10-14', '252', 'LEG_BILL_ID_252_9189', 42643, 36953, 0, 5690, 'INFILE'),
(253, 0, '2025-04-26', '253', 'LEG_BILL_ID_253_2193', 39381, 23236, 0, 16145, 'INFILE'),
(254, 0, '2025-08-25', '254', 'LEG_BILL_ID_254_9995', 21055, 19466, 0, 1589, 'INFILE'),
(255, 0, '2025-10-27', '255', 'LEG_BILL_ID_255_3683', 42650, 13074, 0, 29576, 'INFILE'),
(256, 0, '2025-07-14', '256', 'LEG_BILL_ID_256_2789', 17157, 8549, 0, 8608, 'INFILE'),
(257, 0, '2024-04-16', '257', 'LEG_BILL_ID_257_8235', 19112, 19059, 0, 53, 'INFILE'),
(258, 0, '2025-08-24', '258', 'LEG_BILL_ID_258_5539', 13834, 11043, 0, 2791, 'INFILE'),
(259, 0, '2025-10-18', '259', 'LEG_BILL_ID_259_7877', 20575, 11401, 0, 9174, 'INFILE'),
(260, 0, '2025-12-28', '260', 'LEG_BILL_ID_260_7078', 40983, 28156, 0, 12827, 'INFILE'),
(261, 0, '2024-04-09', '261', 'LEG_BILL_ID_261_4930', 40280, 4038, 0, 36242, 'INFILE'),
(262, 0, '2024-08-01', '262', 'LEG_BILL_ID_262_9844', 27815, 14440, 0, 13375, 'INFILE'),
(263, 0, '2026-02-04', '263', 'LEG_BILL_ID_263_7137', 25724, 13227, 0, 12497, 'INFILE'),
(264, 0, '2024-11-09', '264', 'LEG_BILL_ID_264_5215', 27930, 22493, 0, 5437, 'INFILE'),
(265, 0, '2025-10-15', '265', 'LEG_BILL_ID_265_2593', 44266, 122, 0, 44144, 'INFILE'),
(266, 0, '2025-08-04', '266', 'LEG_BILL_ID_266_6271', 36425, 25168, 0, 11257, 'INFILE'),
(267, 0, '2024-05-28', '267', 'LEG_BILL_ID_267_4277', 28136, 27624, 0, 512, 'INFILE'),
(268, 0, '2024-08-18', '268', 'LEG_BILL_ID_268_6877', 36141, 31399, 0, 4742, 'INFILE'),
(269, 0, '2024-04-22', '269', 'LEG_BILL_ID_269_7014', 10277, 1308, 0, 8969, 'INFILE'),
(270, 0, '2025-02-07', '270', 'LEG_BILL_ID_270_2159', 20390, 10901, 0, 9489, 'INFILE'),
(271, 0, '2024-05-06', '271', 'LEG_BILL_ID_271_6838', 9614, 8085, 0, 1529, 'INFILE'),
(272, 0, '2024-04-15', '272', 'LEG_BILL_ID_272_6751', 2293, 2138, 0, 155, 'INFILE'),
(273, 0, '2025-03-01', '273', 'LEG_BILL_ID_273_1257', 44278, 8335, 0, 35943, 'INFILE'),
(274, 0, '2025-07-12', '274', 'LEG_BILL_ID_274_2419', 27677, 1771, 0, 25906, 'INFILE'),
(275, 0, '2024-10-25', '275', 'LEG_BILL_ID_275_1404', 13629, 1939, 0, 11690, 'INFILE'),
(276, 0, '2024-11-27', '276', 'LEG_BILL_ID_276_2986', 32255, 4817, 0, 27438, 'INFILE'),
(277, 0, '2026-01-22', '277', 'LEG_BILL_ID_277_2378', 28194, 12762, 0, 15432, 'INFILE'),
(278, 0, '2024-08-03', '278', 'LEG_BILL_ID_278_8768', 23465, 12916, 0, 10549, 'INFILE'),
(279, 0, '2025-03-21', '279', 'LEG_BILL_ID_279_1161', 8902, 5985, 0, 2917, 'INFILE'),
(280, 0, '2025-11-16', '280', 'LEG_BILL_ID_280_6746', 35622, 5363, 0, 30259, 'INFILE'),
(281, 0, '2025-11-11', '281', 'LEG_BILL_ID_281_5581', 44698, 18477, 0, 26221, 'INFILE'),
(282, 0, '2024-10-02', '282', 'LEG_BILL_ID_282_5227', 40409, 35982, 0, 4427, 'INFILE'),
(283, 0, '2024-06-22', '283', 'LEG_BILL_ID_283_6275', 27644, 14898, 0, 12746, 'INFILE'),
(284, 0, '2024-04-09', '284', 'LEG_BILL_ID_284_8284', 28169, 9595, 0, 18574, 'INFILE'),
(285, 0, '2025-05-24', '285', 'LEG_BILL_ID_285_8173', 46616, 3005, 0, 43611, 'INFILE'),
(286, 0, '2024-10-01', '286', 'LEG_BILL_ID_286_2152', 47482, 40965, 0, 6517, 'INFILE'),
(287, 0, '2025-09-08', '287', 'LEG_BILL_ID_287_8764', 7616, 7268, 0, 348, 'INFILE'),
(288, 0, '2024-10-02', '288', 'LEG_BILL_ID_288_6277', 28358, 21669, 0, 6689, 'INFILE'),
(289, 0, '2024-07-17', '289', 'LEG_BILL_ID_289_4767', 12693, 4922, 0, 7771, 'INFILE'),
(290, 0, '2026-01-02', '290', 'LEG_BILL_ID_290_1652', 17882, 527, 0, 17355, 'INFILE'),
(291, 0, '2025-08-31', '291', 'LEG_BILL_ID_291_7337', 12506, 263, 0, 12243, 'INFILE'),
(292, 0, '2024-03-15', '292', 'LEG_BILL_ID_292_4824', 6643, 5280, 0, 1363, 'INFILE'),
(293, 0, '2024-03-01', '293', 'LEG_BILL_ID_293_6801', 43994, 28945, 0, 15049, 'INFILE'),
(294, 0, '2025-07-04', '294', 'LEG_BILL_ID_294_1515', 41898, 14022, 0, 27876, 'INFILE'),
(295, 0, '2024-04-07', '295', 'LEG_BILL_ID_295_3865', 45075, 34586, 0, 10489, 'INFILE'),
(296, 0, '2026-01-10', '296', 'LEG_BILL_ID_296_8689', 41310, 7890, 0, 33420, 'INFILE'),
(297, 0, '2025-09-28', '297', 'LEG_BILL_ID_297_5953', 44567, 28862, 0, 15705, 'INFILE'),
(298, 0, '2024-11-24', '298', 'LEG_BILL_ID_298_9247', 14293, 11364, 0, 2929, 'INFILE'),
(299, 0, '2024-08-13', '299', 'LEG_BILL_ID_299_8378', 42154, 40416, 0, 1738, 'INFILE'),
(300, 0, '2025-02-20', '300', 'LEG_BILL_ID_300_9276', 35444, 29818, 0, 5626, 'INFILE'),
(301, 0, '2024-09-24', '301', 'LEG_BILL_ID_301_1085', 1368, 1061, 0, 307, 'INFILE'),
(302, 0, '2025-07-17', '302', 'LEG_BILL_ID_302_3099', 38701, 35983, 0, 2718, 'INFILE'),
(303, 0, '2025-05-12', '303', 'LEG_BILL_ID_303_5828', 44255, 38530, 0, 5725, 'INFILE'),
(304, 0, '2024-06-18', '304', 'LEG_BILL_ID_304_9309', 22493, 9714, 0, 12779, 'INFILE'),
(305, 0, '2025-11-10', '305', 'LEG_BILL_ID_305_5288', 46391, 10472, 0, 35919, 'INFILE'),
(306, 0, '2024-10-06', '306', 'LEG_BILL_ID_306_9714', 32181, 12442, 0, 19739, 'INFILE'),
(307, 0, '2024-06-11', '307', 'LEG_BILL_ID_307_3168', 5882, 3208, 0, 2674, 'INFILE'),
(308, 0, '2025-01-02', '308', 'LEG_BILL_ID_308_4842', 41889, 12053, 0, 29836, 'INFILE'),
(309, 0, '2024-10-28', '309', 'LEG_BILL_ID_309_2706', 28710, 22225, 0, 6485, 'INFILE'),
(310, 0, '2024-05-31', '310', 'LEG_BILL_ID_310_8564', 39577, 9629, 0, 29948, 'INFILE'),
(311, 0, '2024-12-07', '311', 'LEG_BILL_ID_311_3635', 33361, 29468, 0, 3893, 'INFILE'),
(312, 0, '2025-01-30', '312', 'LEG_BILL_ID_312_7691', 25535, 14890, 0, 10645, 'INFILE'),
(313, 0, '2025-08-05', '313', 'LEG_BILL_ID_313_2362', 6165, 77, 0, 6088, 'INFILE'),
(314, 0, '2025-02-09', '314', 'LEG_BILL_ID_314_5832', 20234, 19880, 0, 354, 'INFILE'),
(315, 0, '2025-03-31', '315', 'LEG_BILL_ID_315_7429', 13210, 7076, 0, 6134, 'INFILE'),
(316, 0, '2026-02-03', '316', 'LEG_BILL_ID_316_4985', 26273, 20892, 0, 5381, 'INFILE'),
(317, 0, '2025-02-14', '317', 'LEG_BILL_ID_317_1557', 38878, 2613, 0, 36265, 'INFILE'),
(318, 0, '2024-11-28', '318', 'LEG_BILL_ID_318_9000', 29507, 20901, 0, 8606, 'INFILE'),
(319, 0, '2025-09-20', '319', 'LEG_BILL_ID_319_6751', 40116, 20591, 0, 19525, 'INFILE'),
(320, 0, '2025-03-05', '320', 'LEG_BILL_ID_320_7203', 41516, 1422, 0, 40094, 'INFILE'),
(321, 0, '2025-09-28', '321', 'LEG_BILL_ID_321_8280', 35183, 6523, 0, 28660, 'INFILE'),
(322, 0, '2025-09-03', '322', 'LEG_BILL_ID_322_8262', 39664, 32250, 0, 7414, 'INFILE'),
(323, 0, '2025-07-15', '323', 'LEG_BILL_ID_323_7454', 44719, 23251, 0, 21468, 'INFILE'),
(324, 0, '2024-07-10', '324', 'LEG_BILL_ID_324_6920', 5797, 4979, 0, 818, 'INFILE'),
(325, 0, '2024-09-06', '325', 'LEG_BILL_ID_325_1701', 44324, 2267, 0, 42057, 'INFILE'),
(326, 0, '2024-03-30', '326', 'LEG_BILL_ID_326_8570', 46238, 13184, 0, 33054, 'INFILE'),
(327, 0, '2024-06-24', '327', 'LEG_BILL_ID_327_7576', 47945, 14466, 0, 33479, 'INFILE'),
(328, 0, '2025-08-29', '328', 'LEG_BILL_ID_328_3264', 33555, 19732, 0, 13823, 'INFILE'),
(329, 0, '2025-01-01', '329', 'LEG_BILL_ID_329_8948', 34975, 17669, 0, 17306, 'INFILE'),
(330, 0, '2024-05-09', '330', 'LEG_BILL_ID_330_8368', 33912, 22516, 0, 11396, 'INFILE'),
(331, 0, '2025-02-09', '331', 'LEG_BILL_ID_331_5219', 25705, 5454, 0, 20251, 'INFILE'),
(332, 0, '2026-02-04', '332', 'LEG_BILL_ID_332_3606', 21764, 18706, 0, 3058, 'INFILE'),
(333, 0, '2024-09-17', '333', 'LEG_BILL_ID_333_2024', 48782, 20559, 0, 28223, 'INFILE'),
(334, 0, '2025-01-30', '334', 'LEG_BILL_ID_334_8521', 2831, 2464, 0, 367, 'INFILE'),
(335, 0, '2024-09-10', '335', 'LEG_BILL_ID_335_4157', 6786, 3909, 0, 2877, 'INFILE'),
(336, 0, '2024-08-26', '336', 'LEG_BILL_ID_336_1608', 8496, 6108, 0, 2388, 'INFILE'),
(337, 0, '2024-11-06', '337', 'LEG_BILL_ID_337_4949', 47907, 30943, 0, 16964, 'INFILE'),
(338, 0, '2025-06-08', '338', 'LEG_BILL_ID_338_9957', 43353, 30673, 0, 12680, 'INFILE'),
(339, 0, '2024-11-30', '339', 'LEG_BILL_ID_339_6046', 25345, 6891, 0, 18454, 'INFILE'),
(340, 0, '2024-03-12', '340', 'LEG_BILL_ID_340_5564', 37614, 22352, 0, 15262, 'INFILE'),
(341, 0, '2026-01-07', '341', 'LEG_BILL_ID_341_1266', 25151, 7315, 0, 17836, 'INFILE'),
(342, 0, '2024-07-28', '342', 'LEG_BILL_ID_342_2586', 20518, 9336, 0, 11182, 'INFILE'),
(343, 0, '2024-12-31', '343', 'LEG_BILL_ID_343_1133', 29390, 20970, 0, 8420, 'INFILE'),
(344, 0, '2025-03-16', '344', 'LEG_BILL_ID_344_9123', 21085, 4061, 0, 17024, 'INFILE'),
(345, 0, '2026-02-03', '345', 'LEG_BILL_ID_345_8769', 43362, 42648, 0, 714, 'INFILE'),
(346, 0, '2024-05-22', '346', 'LEG_BILL_ID_346_9759', 22692, 19521, 0, 3171, 'INFILE'),
(347, 0, '2024-12-29', '347', 'LEG_BILL_ID_347_8537', 17127, 9983, 0, 7144, 'INFILE'),
(348, 0, '2025-09-19', '348', 'LEG_BILL_ID_348_8790', 10211, 5546, 0, 4665, 'INFILE'),
(349, 0, '2025-06-06', '349', 'LEG_BILL_ID_349_3158', 44198, 21428, 0, 22770, 'INFILE'),
(350, 0, '2026-01-20', '350', 'LEG_BILL_ID_350_4207', 29533, 20379, 0, 9154, 'INFILE'),
(351, 0, '2024-06-22', '351', 'LEG_BILL_ID_351_8961', 10459, 9741, 0, 718, 'INFILE'),
(352, 0, '2024-12-08', '352', 'LEG_BILL_ID_352_6344', 18592, 1605, 0, 16987, 'INFILE'),
(353, 0, '2025-07-11', '353', 'LEG_BILL_ID_353_6693', 36875, 22109, 0, 14766, 'INFILE'),
(354, 0, '2025-10-17', '354', 'LEG_BILL_ID_354_8608', 14483, 1049, 0, 13434, 'INFILE'),
(355, 0, '2025-01-07', '355', 'LEG_BILL_ID_355_4951', 21128, 4753, 0, 16375, 'INFILE'),
(356, 0, '2024-02-15', '356', 'LEG_BILL_ID_356_4747', 40571, 2578, 0, 37993, 'INFILE'),
(357, 0, '2025-05-29', '357', 'LEG_BILL_ID_357_9378', 16630, 5330, 0, 11300, 'INFILE'),
(358, 0, '2024-05-23', '358', 'LEG_BILL_ID_358_3161', 1735, 1032, 0, 703, 'INFILE'),
(359, 0, '2024-09-14', '359', 'LEG_BILL_ID_359_8454', 21593, 9693, 0, 11900, 'INFILE'),
(360, 0, '2024-06-24', '360', 'LEG_BILL_ID_360_6941', 31654, 21956, 0, 9698, 'INFILE'),
(361, 0, '2025-06-13', '361', 'LEG_BILL_ID_361_1772', 44064, 16707, 0, 27357, 'INFILE'),
(362, 0, '2024-10-31', '362', 'LEG_BILL_ID_362_3185', 9929, 7556, 0, 2373, 'INFILE'),
(363, 0, '2024-04-30', '363', 'LEG_BILL_ID_363_1634', 40379, 31422, 0, 8957, 'INFILE'),
(364, 0, '2024-12-02', '364', 'LEG_BILL_ID_364_1812', 23764, 9264, 0, 14500, 'INFILE'),
(365, 0, '2024-09-19', '365', 'LEG_BILL_ID_365_2386', 37506, 25963, 0, 11543, 'INFILE'),
(366, 0, '2024-10-14', '366', 'LEG_BILL_ID_366_8713', 20400, 8991, 0, 11409, 'INFILE'),
(367, 0, '2024-09-20', '367', 'LEG_BILL_ID_367_7392', 40313, 6793, 0, 33520, 'INFILE'),
(368, 0, '2024-11-08', '368', 'LEG_BILL_ID_368_1688', 44424, 35406, 0, 9018, 'INFILE'),
(369, 0, '2024-03-18', '369', 'LEG_BILL_ID_369_5655', 5526, 3080, 0, 2446, 'INFILE'),
(370, 0, '2024-08-30', '370', 'LEG_BILL_ID_370_5960', 40937, 19608, 0, 21329, 'INFILE'),
(371, 0, '2024-11-02', '371', 'LEG_BILL_ID_371_4503', 30976, 23174, 0, 7802, 'INFILE'),
(372, 0, '2024-05-02', '372', 'LEG_BILL_ID_372_5936', 33921, 5693, 0, 28228, 'INFILE'),
(373, 0, '2025-02-25', '373', 'LEG_BILL_ID_373_6760', 38541, 37737, 0, 804, 'INFILE'),
(374, 0, '2025-05-02', '374', 'LEG_BILL_ID_374_3498', 47935, 11359, 0, 36576, 'INFILE'),
(375, 0, '2024-12-29', '375', 'LEG_BILL_ID_375_6565', 34967, 23624, 0, 11343, 'INFILE'),
(376, 0, '2025-01-12', '376', 'LEG_BILL_ID_376_2663', 35378, 25809, 0, 9569, 'INFILE'),
(377, 0, '2025-07-09', '377', 'LEG_BILL_ID_377_9953', 23694, 5945, 0, 17749, 'INFILE'),
(378, 0, '2025-09-22', '378', 'LEG_BILL_ID_378_2298', 34533, 965, 0, 33568, 'INFILE'),
(379, 0, '2025-08-14', '379', 'LEG_BILL_ID_379_8812', 39655, 32705, 0, 6950, 'INFILE'),
(380, 0, '2024-07-21', '380', 'LEG_BILL_ID_380_4191', 25474, 98, 0, 25376, 'INFILE'),
(381, 0, '2025-09-29', '381', 'LEG_BILL_ID_381_7273', 47598, 2677, 0, 44921, 'INFILE'),
(382, 0, '2025-09-01', '382', 'LEG_BILL_ID_382_9947', 44064, 42469, 0, 1595, 'INFILE'),
(383, 0, '2026-01-28', '383', 'LEG_BILL_ID_383_4730', 8363, 121, 0, 8242, 'INFILE'),
(384, 0, '2025-03-02', '384', 'LEG_BILL_ID_384_9881', 35398, 1007, 0, 34391, 'INFILE'),
(385, 0, '2025-12-18', '385', 'LEG_BILL_ID_385_4305', 26625, 26466, 0, 159, 'INFILE'),
(386, 0, '2024-06-10', '386', 'LEG_BILL_ID_386_3090', 14380, 10683, 0, 3697, 'INFILE'),
(387, 0, '2025-10-13', '387', 'LEG_BILL_ID_387_2399', 11691, 1983, 0, 9708, 'INFILE'),
(388, 0, '2025-08-25', '388', 'LEG_BILL_ID_388_3189', 40463, 33589, 0, 6874, 'INFILE'),
(389, 0, '2025-05-16', '389', 'LEG_BILL_ID_389_1777', 6157, 4614, 0, 1543, 'INFILE'),
(390, 0, '2025-05-28', '390', 'LEG_BILL_ID_390_7048', 20527, 7390, 0, 13137, 'INFILE'),
(391, 0, '2024-10-30', '391', 'LEG_BILL_ID_391_3427', 11300, 8226, 0, 3074, 'INFILE'),
(392, 0, '2026-02-09', '392', 'LEG_BILL_ID_392_7344', 22305, 7989, 0, 14316, 'INFILE'),
(393, 0, '2024-08-03', '393', 'LEG_BILL_ID_393_1468', 31647, 26429, 0, 5218, 'INFILE'),
(394, 0, '2025-01-06', '394', 'LEG_BILL_ID_394_1320', 13609, 457, 0, 13152, 'INFILE'),
(395, 0, '2025-11-20', '395', 'LEG_BILL_ID_395_3027', 23914, 6243, 0, 17671, 'INFILE'),
(396, 0, '2025-09-18', '396', 'LEG_BILL_ID_396_6198', 46967, 35056, 0, 11911, 'INFILE'),
(397, 0, '2025-12-15', '397', 'LEG_BILL_ID_397_4068', 10998, 8574, 0, 2424, 'INFILE'),
(398, 0, '2025-04-27', '398', 'LEG_BILL_ID_398_8297', 3960, 3068, 0, 892, 'INFILE'),
(399, 0, '2025-10-09', '399', 'LEG_BILL_ID_399_1695', 16513, 15120, 0, 1393, 'INFILE'),
(400, 0, '2024-04-19', '400', 'LEG_BILL_ID_400_2578', 10993, 10650, 0, 343, 'INFILE'),
(401, 0, '2024-02-17', '401', 'LEG_BILL_ID_401_9598', 31319, 991, 0, 30328, 'INFILE'),
(402, 0, '2025-02-07', '402', 'LEG_BILL_ID_402_7654', 35269, 22045, 0, 13224, 'INFILE'),
(403, 0, '2024-08-02', '403', 'LEG_BILL_ID_403_9446', 35133, 12039, 0, 23094, 'INFILE'),
(404, 0, '2024-05-27', '404', 'LEG_BILL_ID_404_2033', 30454, 14635, 0, 15819, 'INFILE'),
(405, 0, '2024-08-16', '405', 'LEG_BILL_ID_405_3803', 21592, 7353, 0, 14239, 'INFILE'),
(406, 0, '2024-12-16', '406', 'LEG_BILL_ID_406_5242', 19390, 1481, 0, 17909, 'INFILE'),
(407, 0, '2024-03-12', '407', 'LEG_BILL_ID_407_9708', 28645, 7745, 0, 20900, 'INFILE'),
(408, 0, '2024-09-28', '408', 'LEG_BILL_ID_408_5824', 9817, 8019, 0, 1798, 'INFILE'),
(409, 0, '2025-02-26', '409', 'LEG_BILL_ID_409_4626', 15698, 245, 0, 15453, 'INFILE'),
(410, 0, '2025-03-30', '410', 'LEG_BILL_ID_410_2799', 32757, 24750, 0, 8007, 'INFILE'),
(411, 0, '2025-03-27', '411', 'LEG_BILL_ID_411_6520', 4011, 957, 0, 3054, 'INFILE'),
(412, 0, '2025-09-30', '412', 'LEG_BILL_ID_412_9134', 42239, 14001, 0, 28238, 'INFILE'),
(413, 0, '2025-08-08', '413', 'LEG_BILL_ID_413_6145', 16941, 10693, 0, 6248, 'INFILE'),
(414, 0, '2024-11-29', '414', 'LEG_BILL_ID_414_2695', 47229, 22660, 0, 24569, 'INFILE'),
(415, 0, '2025-01-06', '415', 'LEG_BILL_ID_415_9462', 21709, 10130, 0, 11579, 'INFILE'),
(416, 0, '2024-11-20', '416', 'LEG_BILL_ID_416_9474', 13352, 7425, 0, 5927, 'INFILE'),
(417, 0, '2024-10-06', '417', 'LEG_BILL_ID_417_4260', 47254, 38175, 0, 9079, 'INFILE'),
(418, 0, '2024-11-17', '418', 'LEG_BILL_ID_418_6498', 32374, 24669, 0, 7705, 'INFILE'),
(419, 0, '2024-11-28', '419', 'LEG_BILL_ID_419_5932', 13777, 4163, 0, 9614, 'INFILE'),
(420, 0, '2026-02-12', '420', 'LEG_BILL_ID_420_3335', 3512, 3195, 0, 317, 'INFILE'),
(421, 0, '2025-08-18', '421', 'LEG_BILL_ID_421_3076', 3935, 1924, 0, 2011, 'INFILE'),
(422, 0, '2024-03-02', '422', 'LEG_BILL_ID_422_7735', 16939, 8970, 0, 7969, 'INFILE'),
(423, 0, '2024-03-04', '423', 'LEG_BILL_ID_423_7701', 19222, 13866, 0, 5356, 'INFILE'),
(424, 0, '2025-12-06', '424', 'LEG_BILL_ID_424_3250', 20687, 2894, 0, 17793, 'INFILE'),
(425, 0, '2024-08-30', '425', 'LEG_BILL_ID_425_3040', 6475, 2829, 0, 3646, 'INFILE'),
(426, 0, '2024-06-17', '426', 'LEG_BILL_ID_426_8501', 4853, 263, 0, 4590, 'INFILE'),
(427, 0, '2024-07-16', '427', 'LEG_BILL_ID_427_6543', 25405, 10271, 0, 15134, 'INFILE'),
(428, 0, '2026-02-08', '428', 'LEG_BILL_ID_428_1163', 17222, 5157, 0, 12065, 'INFILE'),
(429, 0, '2025-05-13', '429', 'LEG_BILL_ID_429_3540', 9526, 4238, 0, 5288, 'INFILE'),
(430, 0, '2025-09-09', '430', 'LEG_BILL_ID_430_6472', 25838, 22290, 0, 3548, 'INFILE'),
(431, 0, '2025-06-09', '431', 'LEG_BILL_ID_431_8215', 38787, 10077, 0, 28710, 'INFILE'),
(432, 0, '2024-09-12', '432', 'LEG_BILL_ID_432_9949', 38792, 33346, 0, 5446, 'INFILE'),
(433, 0, '2024-11-16', '433', 'LEG_BILL_ID_433_3046', 8210, 837, 0, 7373, 'INFILE'),
(434, 0, '2025-12-04', '434', 'LEG_BILL_ID_434_4273', 35869, 35054, 0, 815, 'INFILE'),
(435, 0, '2024-03-12', '435', 'LEG_BILL_ID_435_9592', 13102, 5233, 0, 7869, 'INFILE'),
(436, 0, '2024-03-15', '436', 'LEG_BILL_ID_436_2805', 7837, 4200, 0, 3637, 'INFILE'),
(437, 0, '2025-02-12', '437', 'LEG_BILL_ID_437_8869', 36971, 34849, 0, 2122, 'INFILE'),
(438, 0, '2025-11-28', '438', 'LEG_BILL_ID_438_1819', 3960, 1878, 0, 2082, 'INFILE'),
(439, 0, '2024-03-04', '439', 'LEG_BILL_ID_439_3142', 4776, 2546, 0, 2230, 'INFILE'),
(440, 0, '2025-04-17', '440', 'LEG_BILL_ID_440_7577', 20626, 19594, 0, 1032, 'INFILE'),
(441, 0, '2025-02-16', '441', 'LEG_BILL_ID_441_2379', 9407, 3584, 0, 5823, 'INFILE'),
(442, 0, '2025-02-19', '442', 'LEG_BILL_ID_442_2311', 25845, 22545, 0, 3300, 'INFILE'),
(443, 0, '2024-09-05', '443', 'LEG_BILL_ID_443_2209', 42971, 16876, 0, 26095, 'INFILE'),
(444, 0, '2025-10-12', '444', 'LEG_BILL_ID_444_4310', 22809, 14745, 0, 8064, 'INFILE'),
(445, 0, '2024-04-22', '445', 'LEG_BILL_ID_445_5310', 34256, 22860, 0, 11396, 'INFILE'),
(446, 0, '2024-11-07', '446', 'LEG_BILL_ID_446_1650', 41452, 15617, 0, 25835, 'INFILE'),
(447, 0, '2024-04-03', '447', 'LEG_BILL_ID_447_9924', 46290, 5231, 0, 41059, 'INFILE'),
(448, 0, '2025-10-17', '448', 'LEG_BILL_ID_448_7693', 6969, 2555, 0, 4414, 'INFILE'),
(449, 0, '2025-02-08', '449', 'LEG_BILL_ID_449_7911', 7602, 3373, 0, 4229, 'INFILE'),
(450, 0, '2025-06-26', '450', 'LEG_BILL_ID_450_8365', 6729, 4056, 0, 2673, 'INFILE'),
(451, 0, '2025-12-21', '451', 'LEG_BILL_ID_451_3544', 39624, 19194, 0, 20430, 'INFILE'),
(452, 0, '2025-07-08', '452', 'LEG_BILL_ID_452_7134', 28980, 20747, 0, 8233, 'INFILE'),
(453, 0, '2025-11-13', '453', 'LEG_BILL_ID_453_3101', 45573, 19981, 0, 25592, 'INFILE'),
(454, 0, '2025-09-08', '454', 'LEG_BILL_ID_454_6680', 44919, 32473, 0, 12446, 'INFILE'),
(455, 0, '2024-03-16', '455', 'LEG_BILL_ID_455_9373', 9968, 8906, 0, 1062, 'INFILE'),
(456, 0, '2025-06-13', '456', 'LEG_BILL_ID_456_6229', 23070, 1591, 0, 21479, 'INFILE'),
(457, 0, '2026-01-05', '457', 'LEG_BILL_ID_457_8758', 7655, 2927, 0, 4728, 'INFILE'),
(458, 0, '2025-04-30', '458', 'LEG_BILL_ID_458_5801', 17273, 1962, 0, 15311, 'INFILE'),
(459, 0, '2024-06-06', '459', 'LEG_BILL_ID_459_8719', 34603, 5193, 0, 29410, 'INFILE'),
(460, 0, '2025-10-14', '460', 'LEG_BILL_ID_460_9972', 25412, 19874, 0, 5538, 'INFILE'),
(461, 0, '2024-03-04', '461', 'LEG_BILL_ID_461_3962', 1954, 272, 0, 1682, 'INFILE'),
(462, 0, '2025-11-25', '462', 'LEG_BILL_ID_462_7829', 1852, 1508, 0, 344, 'INFILE'),
(463, 0, '2024-06-16', '463', 'LEG_BILL_ID_463_6332', 10345, 511, 0, 9834, 'INFILE'),
(464, 0, '2025-05-08', '464', 'LEG_BILL_ID_464_1444', 34007, 4426, 0, 29581, 'INFILE'),
(465, 0, '2025-08-30', '465', 'LEG_BILL_ID_465_8019', 26617, 353, 0, 26264, 'INFILE'),
(466, 0, '2024-06-07', '466', 'LEG_BILL_ID_466_8728', 29715, 10168, 0, 19547, 'INFILE'),
(467, 0, '2024-12-17', '467', 'LEG_BILL_ID_467_7799', 18709, 14937, 0, 3772, 'INFILE'),
(468, 0, '2024-09-19', '468', 'LEG_BILL_ID_468_2012', 46033, 11803, 0, 34230, 'INFILE'),
(469, 0, '2025-11-04', '469', 'LEG_BILL_ID_469_2548', 16788, 9586, 0, 7202, 'INFILE'),
(470, 0, '2024-12-26', '470', 'LEG_BILL_ID_470_2334', 2322, 949, 0, 1373, 'INFILE'),
(471, 0, '2024-12-28', '471', 'LEG_BILL_ID_471_2509', 39966, 34971, 0, 4995, 'INFILE'),
(472, 0, '2024-10-15', '472', 'LEG_BILL_ID_472_1146', 27270, 21377, 0, 5893, 'INFILE'),
(473, 0, '2024-02-19', '473', 'LEG_BILL_ID_473_1923', 3259, 3007, 0, 252, 'INFILE'),
(474, 0, '2025-03-11', '474', 'LEG_BILL_ID_474_5214', 48596, 29221, 0, 19375, 'INFILE'),
(475, 0, '2024-09-13', '475', 'LEG_BILL_ID_475_2113', 44255, 2885, 0, 41370, 'INFILE'),
(476, 0, '2026-01-16', '476', 'LEG_BILL_ID_476_5816', 11201, 2817, 0, 8384, 'INFILE'),
(477, 0, '2025-02-14', '477', 'LEG_BILL_ID_477_9264', 48046, 5239, 0, 42807, 'INFILE'),
(478, 0, '2024-11-22', '478', 'LEG_BILL_ID_478_7691', 21224, 15600, 0, 5624, 'INFILE'),
(479, 0, '2024-07-24', '479', 'LEG_BILL_ID_479_9686', 42395, 13902, 0, 28493, 'INFILE'),
(480, 0, '2025-09-07', '480', 'LEG_BILL_ID_480_9596', 33324, 17845, 0, 15479, 'INFILE'),
(481, 0, '2024-10-10', '481', 'LEG_BILL_ID_481_5135', 24765, 7505, 0, 17260, 'INFILE'),
(482, 0, '2025-02-27', '482', 'LEG_BILL_ID_482_5787', 8178, 3475, 0, 4703, 'INFILE'),
(483, 0, '2025-11-23', '483', 'LEG_BILL_ID_483_7090', 3745, 2110, 0, 1635, 'INFILE'),
(484, 0, '2024-06-21', '484', 'LEG_BILL_ID_484_4409', 14691, 7031, 0, 7660, 'INFILE'),
(485, 0, '2025-11-19', '485', 'LEG_BILL_ID_485_2433', 25032, 5425, 0, 19607, 'INFILE'),
(486, 0, '2025-03-28', '486', 'LEG_BILL_ID_486_7457', 46348, 44368, 0, 1980, 'INFILE'),
(487, 0, '2024-11-20', '487', 'LEG_BILL_ID_487_6899', 31566, 15036, 0, 16530, 'INFILE'),
(488, 0, '2025-06-02', '488', 'LEG_BILL_ID_488_4564', 16947, 2237, 0, 14710, 'INFILE'),
(489, 0, '2025-03-14', '489', 'LEG_BILL_ID_489_8945', 20361, 16253, 0, 4108, 'INFILE'),
(490, 0, '2025-11-23', '490', 'LEG_BILL_ID_490_8109', 45493, 19230, 0, 26263, 'INFILE'),
(491, 0, '2025-12-15', '491', 'LEG_BILL_ID_491_9464', 16221, 3951, 0, 12270, 'INFILE'),
(492, 0, '2025-04-06', '492', 'LEG_BILL_ID_492_8599', 45781, 26677, 0, 19104, 'INFILE'),
(493, 0, '2024-04-22', '493', 'LEG_BILL_ID_493_4918', 6072, 5100, 0, 972, 'INFILE'),
(494, 0, '2025-05-03', '494', 'LEG_BILL_ID_494_1954', 13768, 12084, 0, 1684, 'INFILE'),
(495, 0, '2025-06-22', '495', 'LEG_BILL_ID_495_6673', 8593, 8418, 0, 175, 'INFILE'),
(496, 0, '2025-02-04', '496', 'LEG_BILL_ID_496_9476', 39325, 9053, 0, 30272, 'INFILE'),
(497, 0, '2024-09-21', '497', 'LEG_BILL_ID_497_4616', 21354, 13637, 0, 7717, 'INFILE'),
(498, 0, '2025-07-17', '498', 'LEG_BILL_ID_498_7476', 28305, 3859, 0, 24446, 'INFILE'),
(499, 0, '2024-09-09', '499', 'LEG_BILL_ID_499_2218', 44934, 5555, 0, 39379, 'INFILE'),
(500, 0, '2024-11-28', '500', 'LEG_BILL_ID_500_4962', 49901, 41703, 0, 8198, 'INFILE'),
(501, 1, '2026-02-13', '109', 'LEG_BILL_ID_109_6569', 1768, 1760, 8, 0, 'NILL'),
(502, 1, '2026-02-13', '146', 'LEG_BILL_ID_146_5019', 18273, 10000, 273, 8000, 'INFILE'),
(503, 2, '2026-02-14', '85', 'LEG_BILL_ID_85_5748', 2168, 2000, 168, 0, 'NILL'),
(504, 2, '2026-02-14', '154', 'LEG_BILL_ID_154_4908', 17393, 10000, 0, 7393, 'INFILE'),
(505, 2, '2026-02-14', '422', 'LEG_BILL_ID_422_7735', 7969, 7969, 0, 0, 'NILL'),
(506, 2, '2026-02-14', '2', 'LEG_BILL_ID_2_8183', 15662, 5000, 0, 10662, 'INFILE'),
(507, 2, '2026-02-14', '295', 'LEG_BILL_ID_295_3865', 10489, 489, 0, 10000, 'INFILE'),
(508, 2, '2026-02-14', '257', 'LEG_BILL_ID_257_8235', 53, 0, 53, 0, 'NILL'),
(509, 2, '2026-02-14', '445', 'LEG_BILL_ID_445_5310', 11396, 0, 0, 11396, 'INFILE'),
(510, 2, '2026-02-14', '346', 'LEG_BILL_ID_346_9759', 3171, 0, 0, 3171, 'INFILE'),
(511, 2, '2026-02-14', '96', 'LEG_BILL_ID_96_6045', 334, 0, 334, 0, 'NILL'),
(512, 2, '2026-02-14', '386', 'LEG_BILL_ID_386_3090', 3697, 0, 697, 3000, 'INFILE'),
(513, 2, '2026-02-14', '351', 'LEG_BILL_ID_351_8961', 718, 0, 0, 718, 'INFILE'),
(514, 2, '2026-02-14', '165', 'LEG_BILL_ID_165_6763', 7699, 0, 699, 7000, 'BF'),
(515, 2, '2026-02-14', '336', 'LEG_BILL_ID_336_1608', 2388, 0, 0, 2388, 'INFILE'),
(516, 2, '2026-02-14', '229', 'LEG_BILL_ID_229_1632', 10543, 0, 0, 10543, 'INFILE'),
(517, 2, '2026-02-14', '72', 'LEG_BILL_ID_72_2772', 3764, 0, 764, 3000, 'INFILE'),
(518, 2, '2026-02-14', '443', 'LEG_BILL_ID_443_2209', 26095, 0, 95, 26000, 'INFILE'),
(519, 2, '2026-02-14', '432', 'LEG_BILL_ID_432_9949', 5446, 0, 446, 5000, 'INFILE'),
(520, 2, '2026-02-14', '333', 'LEG_BILL_ID_333_2024', 28223, 0, 3, 28220, 'INFILE'),
(521, 2, '2026-02-14', '286', 'LEG_BILL_ID_286_2152', 6517, 6517, 0, 0, 'NILL'),
(522, 2, '2026-02-14', '224', 'LEG_BILL_ID_224_1276', 4672, 4670, 2, 0, 'NILL'),
(523, 2, '2026-02-14', '472', 'LEG_BILL_ID_472_1146', 5893, 5890, 3, 0, 'NILL'),
(524, 2, '2026-02-14', '20', 'LEG_BILL_ID_20_9713', 10229, 0, 0, 10229, 'INFILE'),
(525, 2, '2026-02-14', '219', 'LEG_BILL_ID_219_1259', 1175, 0, 0, 1175, 'INFILE'),
(526, 2, '2026-02-14', '414', 'LEG_BILL_ID_414_2695', 24569, 0, 0, 24569, 'INFILE'),
(527, 2, '2026-02-14', '364', 'LEG_BILL_ID_364_1812', 14500, 0, 0, 14500, 'INFILE'),
(528, 2, '2026-02-14', '173', 'LEG_BILL_ID_173_3534', 2844, 0, 0, 2844, 'INFILE'),
(529, 2, '2026-02-14', '467', 'LEG_BILL_ID_467_7799', 3772, 0, 0, 3772, 'INFILE'),
(530, 2, '2026-02-14', '470', 'LEG_BILL_ID_470_2334', 1373, 0, 0, 1373, 'INFILE'),
(531, 2, '2026-02-14', '394', 'LEG_BILL_ID_394_1320', 13152, 0, 0, 13152, 'INFILE'),
(532, 2, '2026-02-14', '39', 'LEG_BILL_ID_39_9654', 11881, 0, 0, 11881, 'INFILE'),
(533, 2, '2026-02-14', '84', 'LEG_BILL_ID_84_6123', 4227, 0, 0, 4227, 'INFILE'),
(534, 2, '2026-02-14', '146', 'LEG_BILL_ID_146_5019', 8000, 0, 0, 8000, 'INFILE'),
(535, 2, '2026-02-14', '59', 'LEG_BILL_ID_59_1102', 26999, 0, 0, 26999, 'INFILE'),
(536, 2, '2026-02-14', '409', 'LEG_BILL_ID_409_4626', 15453, 0, 0, 15453, 'INFILE'),
(537, 2, '2026-02-14', '273', 'LEG_BILL_ID_273_1257', 35943, 0, 0, 35943, 'INFILE'),
(538, 2, '2026-02-14', '23', 'LEG_BILL_ID_23_8130', 2273, 0, 0, 2273, 'INFILE'),
(539, 2, '2026-02-14', '51', 'LEG_BILL_ID_51_9812', 15259, 0, 0, 15259, 'INFILE'),
(540, 2, '2026-02-14', '152', 'LEG_BILL_ID_152_2260', 20255, 0, 0, 20255, 'INFILE'),
(541, 2, '2026-02-14', '390', 'LEG_BILL_ID_390_7048', 13137, 0, 0, 13137, 'INFILE'),
(542, 2, '2026-02-14', '172', 'LEG_BILL_ID_172_3610', 18938, 0, 0, 18938, 'INFILE'),
(543, 2, '2026-02-14', '153', 'LEG_BILL_ID_153_3086', 9131, 0, 0, 9131, 'INFILE'),
(544, 2, '2026-02-14', '149', 'LEG_BILL_ID_149_6870', 14569, 0, 0, 14569, 'INFILE'),
(545, 2, '2026-02-14', '313', 'LEG_BILL_ID_313_2362', 6088, 0, 0, 6088, 'INFILE'),
(546, 2, '2026-02-14', '413', 'LEG_BILL_ID_413_6145', 6248, 0, 0, 6248, 'INFILE'),
(547, 2, '2026-02-14', '421', 'LEG_BILL_ID_421_3076', 2011, 0, 0, 2011, 'INFILE'),
(548, 2, '2026-02-14', '388', 'LEG_BILL_ID_388_3189', 6874, 0, 0, 6874, 'INFILE'),
(549, 2, '2026-02-14', '250', 'LEG_BILL_ID_250_3428', 7650, 0, 0, 7650, 'INFILE'),
(550, 2, '2026-02-14', '460', 'LEG_BILL_ID_460_9972', 5538, 0, 0, 5538, 'INFILE'),
(551, 2, '2026-02-14', '448', 'LEG_BILL_ID_448_7693', 4414, 0, 0, 4414, 'INFILE'),
(552, 2, '2026-02-14', '1', 'LEG_BILL_ID_1_6158', 23662, 0, 0, 23662, 'INFILE'),
(553, 2, '2026-02-14', '184', 'LEG_BILL_ID_184_9899', 6332, 0, 0, 6332, 'INFILE'),
(554, 2, '2026-02-14', '189', 'LEG_BILL_ID_189_2323', 19049, 0, 0, 19049, 'INFILE'),
(555, 2, '2026-02-14', '27', 'LEG_BILL_ID_27_3464', 4665, 0, 0, 4665, 'INFILE'),
(556, 2, '2026-02-14', '438', 'LEG_BILL_ID_438_1819', 2082, 0, 0, 2082, 'INFILE'),
(557, 2, '2026-02-14', '180', 'LEG_BILL_ID_180_2302', 23361, 0, 0, 23361, 'INFILE'),
(558, 2, '2026-02-14', '227', 'LEG_BILL_ID_227_2318', 6764, 0, 0, 6764, 'INFILE'),
(559, 2, '2026-02-14', '350', 'LEG_BILL_ID_350_4207', 9154, 9150, 4, 0, 'NILL'),
(560, 0, '2026-02-13', '306', '1001', 10000, 1000, 50, 8950, 'INFILE'),
(561, 0, '2026-02-13', '240', '1002', 3000, 0, 0, 3000, 'INFILE'),
(562, 4, '2026-02-14', '461', 'LEG_BILL_ID_461_3962', 1682, 1000, 0, 682, 'BF'),
(563, 4, '2026-02-14', '157', 'LEG_BILL_ID_157_4756', 2113, 2113, 0, 0, 'NILL'),
(564, 4, '2026-02-14', '53', 'LEG_BILL_ID_53_2567', 2725, 700, 25, 2000, 'INFILE'),
(565, 4, '2026-02-14', '326', 'LEG_BILL_ID_326_8570', 33054, 0, 0, 33054, 'INFILE'),
(566, 4, '2026-02-14', '47', 'LEG_BILL_ID_47_9739', 79, 79, 0, 0, 'NILL'),
(567, 4, '2026-02-14', '103', 'LEG_BILL_ID_103_8960', 2286, 0, 0, 2286, 'INFILE'),
(568, 4, '2026-02-14', '46', 'LEG_BILL_ID_46_5633', 10460, 0, 0, 10460, 'INFILE'),
(569, 4, '2026-02-14', '177', 'LEG_BILL_ID_177_9812', 1303, 0, 0, 1303, 'INFILE'),
(570, 4, '2026-02-14', '466', 'LEG_BILL_ID_466_8728', 19547, 9000, 547, 10000, 'INFILE'),
(571, 4, '2026-02-14', '48', 'LEG_BILL_ID_48_9742', 19055, 0, 55, 19000, 'INFILE'),
(572, 4, '2026-02-14', '237', 'LEG_BILL_ID_237_6717', 3098, 0, 0, 3098, 'INFILE'),
(573, 4, '2026-02-14', '60', 'LEG_BILL_ID_60_3566', 19385, 0, 0, 19385, 'BF'),
(574, 4, '2026-02-14', '6', 'LEG_BILL_ID_6_5442', 23367, 0, 0, 23367, 'BF'),
(575, 4, '2026-02-14', '31', 'LEG_BILL_ID_31_4701', 2283, 0, 0, 2283, 'BF'),
(576, 4, '2026-02-14', '403', 'LEG_BILL_ID_403_9446', 23094, 0, 0, 23094, 'BF'),
(577, 4, '2026-02-14', '215', 'LEG_BILL_ID_215_2936', 2663, 2663, 0, 0, 'NILL'),
(578, 4, '2026-02-14', '391', 'LEG_BILL_ID_391_3427', 3074, 3000, 74, 0, 'NILL'),
(579, 4, '2026-02-14', '38', 'LEG_BILL_ID_38_5668', 2015, 0, 0, 2015, 'INFILE'),
(580, 4, '2026-02-14', '371', 'LEG_BILL_ID_371_4503', 7802, 0, 0, 7802, 'INFILE'),
(581, 4, '2026-02-14', '56', 'LEG_BILL_ID_56_8983', 23056, 0, 0, 23056, 'INFILE'),
(582, 4, '2026-02-14', '343', 'LEG_BILL_ID_343_1133', 8420, 0, 0, 8420, 'INFILE'),
(583, 4, '2026-02-14', '376', 'LEG_BILL_ID_376_2663', 9569, 0, 0, 9569, 'INFILE'),
(584, 4, '2026-02-14', '207', 'LEG_BILL_ID_207_9496', 26885, 0, 0, 26885, 'INFILE'),
(585, 4, '2026-02-14', '15', 'LEG_BILL_ID_15_5617', 1917, 0, 0, 1917, 'INFILE'),
(586, 4, '2026-02-14', '486', 'LEG_BILL_ID_486_7457', 1980, 0, 0, 1980, 'INFILE'),
(587, 4, '2026-02-14', '182', 'LEG_BILL_ID_182_1266', 13843, 0, 0, 13843, 'INFILE'),
(588, 4, '2026-02-14', '374', 'LEG_BILL_ID_374_3498', 36576, 0, 0, 36576, 'INFILE'),
(589, 4, '2026-02-14', '361', 'LEG_BILL_ID_361_1772', 27357, 0, 0, 27357, 'INFILE'),
(590, 4, '2026-02-14', '456', 'LEG_BILL_ID_456_6229', 21479, 0, 0, 21479, 'INFILE');
INSERT INTO `bill_ledger` (`ledger_id`, `ref_id`, `ledger_date`, `customer_id`, `bill_id`, `bill_amount`, `recived_amount`, `return_amount`, `remaining_amount`, `bill_status`) VALUES
(591, 4, '2026-02-14', '274', 'LEG_BILL_ID_274_2419', 25906, 0, 0, 25906, 'INFILE'),
(592, 4, '2026-02-14', '323', 'LEG_BILL_ID_323_7454', 21468, 0, 0, 21468, 'INFILE'),
(593, 4, '2026-02-14', '3', 'LEG_BILL_ID_3_9504', 9904, 0, 0, 9904, 'INFILE'),
(594, 4, '2026-02-14', '67', 'LEG_BILL_ID_67_9076', 22922, 0, 0, 22922, 'INFILE'),
(595, 4, '2026-02-14', '322', 'LEG_BILL_ID_322_8262', 7414, 0, 0, 7414, 'INFILE'),
(596, 4, '2026-02-14', '188', 'LEG_BILL_ID_188_5640', 8685, 0, 0, 8685, 'INFILE'),
(597, 4, '2026-02-14', '483', 'LEG_BILL_ID_483_7090', 1635, 0, 0, 1635, 'INFILE'),
(598, 4, '2026-02-14', '120', 'LEG_BILL_ID_120_7592', 25418, 0, 0, 25418, 'INFILE'),
(599, 4, '2026-02-14', '397', 'LEG_BILL_ID_397_4068', 2424, 0, 0, 2424, 'INFILE'),
(600, 4, '2026-02-14', '290', 'LEG_BILL_ID_290_1652', 17355, 0, 0, 17355, 'INFILE'),
(601, 4, '2026-02-14', '87', 'LEG_BILL_ID_87_4995', 18399, 0, 0, 18399, 'INFILE'),
(602, 4, '2026-02-14', '332', 'LEG_BILL_ID_332_3606', 3058, 0, 0, 3058, 'INFILE');

-- --------------------------------------------------------

--
-- Table structure for table `bill_return`
--

CREATE TABLE `bill_return` (
  `return_id` int(11) NOT NULL,
  `bill_id` varchar(100) NOT NULL,
  `ref_id` int(11) NOT NULL,
  `return_amount` decimal(10,2) NOT NULL,
  `return_date` date NOT NULL
) ENGINE=InnoDB DEFAULT CHARSET=utf8mb4 COLLATE=utf8mb4_general_ci;

--
-- Dumping data for table `bill_return`
--

INSERT INTO `bill_return` (`return_id`, `bill_id`, `ref_id`, `return_amount`, `return_date`) VALUES
(1, 'LEG_BILL_ID_146_5019', 1, '273.00', '2026-02-13'),
(2, 'LEG_BILL_ID_154_4908', 2, '0.00', '2026-02-14'),
(3, 'LEG_BILL_ID_2_8183', 2, '0.00', '2026-02-14'),
(4, 'LEG_BILL_ID_295_3865', 2, '0.00', '2026-02-14'),
(5, 'LEG_BILL_ID_445_5310', 2, '0.00', '2026-02-14'),
(6, 'LEG_BILL_ID_346_9759', 2, '0.00', '2026-02-14'),
(7, 'LEG_BILL_ID_386_3090', 2, '697.00', '2026-02-14'),
(8, 'LEG_BILL_ID_351_8961', 2, '0.00', '2026-02-14'),
(9, 'LEG_BILL_ID_336_1608', 2, '0.00', '2026-02-14'),
(10, 'LEG_BILL_ID_229_1632', 2, '0.00', '2026-02-14'),
(11, 'LEG_BILL_ID_72_2772', 2, '764.00', '2026-02-14'),
(12, 'LEG_BILL_ID_443_2209', 2, '95.00', '2026-02-14'),
(13, 'LEG_BILL_ID_432_9949', 2, '446.00', '2026-02-14'),
(14, 'LEG_BILL_ID_333_2024', 2, '3.00', '2026-02-14'),
(15, 'LEG_BILL_ID_20_9713', 2, '0.00', '2026-02-14'),
(16, 'LEG_BILL_ID_219_1259', 2, '0.00', '2026-02-14'),
(17, 'LEG_BILL_ID_414_2695', 2, '0.00', '2026-02-14'),
(18, 'LEG_BILL_ID_364_1812', 2, '0.00', '2026-02-14'),
(19, 'LEG_BILL_ID_173_3534', 2, '0.00', '2026-02-14'),
(20, 'LEG_BILL_ID_467_7799', 2, '0.00', '2026-02-14'),
(21, 'LEG_BILL_ID_470_2334', 2, '0.00', '2026-02-14'),
(22, 'LEG_BILL_ID_394_1320', 2, '0.00', '2026-02-14'),
(23, 'LEG_BILL_ID_39_9654', 2, '0.00', '2026-02-14'),
(24, 'LEG_BILL_ID_84_6123', 2, '0.00', '2026-02-14'),
(25, 'LEG_BILL_ID_146_5019', 2, '0.00', '2026-02-14'),
(26, 'LEG_BILL_ID_59_1102', 2, '0.00', '2026-02-14'),
(27, 'LEG_BILL_ID_409_4626', 2, '0.00', '2026-02-14'),
(28, 'LEG_BILL_ID_273_1257', 2, '0.00', '2026-02-14'),
(29, 'LEG_BILL_ID_23_8130', 2, '0.00', '2026-02-14'),
(30, 'LEG_BILL_ID_51_9812', 2, '0.00', '2026-02-14'),
(31, 'LEG_BILL_ID_152_2260', 2, '0.00', '2026-02-14'),
(32, 'LEG_BILL_ID_390_7048', 2, '0.00', '2026-02-14'),
(33, 'LEG_BILL_ID_172_3610', 2, '0.00', '2026-02-14'),
(34, 'LEG_BILL_ID_153_3086', 2, '0.00', '2026-02-14'),
(35, 'LEG_BILL_ID_149_6870', 2, '0.00', '2026-02-14'),
(36, 'LEG_BILL_ID_313_2362', 2, '0.00', '2026-02-14'),
(37, 'LEG_BILL_ID_413_6145', 2, '0.00', '2026-02-14'),
(38, 'LEG_BILL_ID_421_3076', 2, '0.00', '2026-02-14'),
(39, 'LEG_BILL_ID_388_3189', 2, '0.00', '2026-02-14'),
(40, 'LEG_BILL_ID_250_3428', 2, '0.00', '2026-02-14'),
(41, 'LEG_BILL_ID_460_9972', 2, '0.00', '2026-02-14'),
(42, 'LEG_BILL_ID_448_7693', 2, '0.00', '2026-02-14'),
(43, 'LEG_BILL_ID_1_6158', 2, '0.00', '2026-02-14'),
(44, 'LEG_BILL_ID_184_9899', 2, '0.00', '2026-02-14'),
(45, 'LEG_BILL_ID_189_2323', 2, '0.00', '2026-02-14'),
(46, 'LEG_BILL_ID_27_3464', 2, '0.00', '2026-02-14'),
(47, 'LEG_BILL_ID_438_1819', 2, '0.00', '2026-02-14'),
(48, 'LEG_BILL_ID_180_2302', 2, '0.00', '2026-02-14'),
(49, 'LEG_BILL_ID_227_2318', 2, '0.00', '2026-02-14'),
(50, 'LEG_BILL_ID_53_2567', 4, '25.00', '2026-02-14'),
(51, 'LEG_BILL_ID_326_8570', 4, '0.00', '2026-02-14'),
(52, 'LEG_BILL_ID_103_8960', 4, '0.00', '2026-02-14'),
(53, 'LEG_BILL_ID_46_5633', 4, '0.00', '2026-02-14'),
(54, 'LEG_BILL_ID_177_9812', 4, '0.00', '2026-02-14'),
(55, 'LEG_BILL_ID_466_8728', 4, '547.00', '2026-02-14'),
(56, 'LEG_BILL_ID_48_9742', 4, '55.00', '2026-02-14'),
(57, 'LEG_BILL_ID_237_6717', 4, '0.00', '2026-02-14'),
(58, 'LEG_BILL_ID_38_5668', 4, '0.00', '2026-02-14'),
(59, 'LEG_BILL_ID_371_4503', 4, '0.00', '2026-02-14'),
(60, 'LEG_BILL_ID_56_8983', 4, '0.00', '2026-02-14'),
(61, 'LEG_BILL_ID_343_1133', 4, '0.00', '2026-02-14'),
(62, 'LEG_BILL_ID_376_2663', 4, '0.00', '2026-02-14'),
(63, 'LEG_BILL_ID_207_9496', 4, '0.00', '2026-02-14'),
(64, 'LEG_BILL_ID_15_5617', 4, '0.00', '2026-02-14'),
(65, 'LEG_BILL_ID_486_7457', 4, '0.00', '2026-02-14'),
(66, 'LEG_BILL_ID_182_1266', 4, '0.00', '2026-02-14'),
(67, 'LEG_BILL_ID_374_3498', 4, '0.00', '2026-02-14'),
(68, 'LEG_BILL_ID_361_1772', 4, '0.00', '2026-02-14'),
(69, 'LEG_BILL_ID_456_6229', 4, '0.00', '2026-02-14'),
(70, 'LEG_BILL_ID_274_2419', 4, '0.00', '2026-02-14'),
(71, 'LEG_BILL_ID_323_7454', 4, '0.00', '2026-02-14'),
(72, 'LEG_BILL_ID_3_9504', 4, '0.00', '2026-02-14'),
(73, 'LEG_BILL_ID_67_9076', 4, '0.00', '2026-02-14'),
(74, 'LEG_BILL_ID_322_8262', 4, '0.00', '2026-02-14'),
(75, 'LEG_BILL_ID_188_5640', 4, '0.00', '2026-02-14'),
(76, 'LEG_BILL_ID_483_7090', 4, '0.00', '2026-02-14'),
(77, 'LEG_BILL_ID_120_7592', 4, '0.00', '2026-02-14'),
(78, 'LEG_BILL_ID_397_4068', 4, '0.00', '2026-02-14'),
(79, 'LEG_BILL_ID_290_1652', 4, '0.00', '2026-02-14'),
(80, 'LEG_BILL_ID_87_4995', 4, '0.00', '2026-02-14'),
(81, 'LEG_BILL_ID_332_3606', 4, '0.00', '2026-02-14');

-- --------------------------------------------------------

--
-- Table structure for table `customer`
--

CREATE TABLE `customer` (
  `customer_id` varchar(12) NOT NULL,
  `customer_name` text DEFAULT NULL,
  `customer_route` int(11) NOT NULL
) ENGINE=InnoDB DEFAULT CHARSET=utf8mb4 COLLATE=utf8mb4_general_ci;

--
-- Dumping data for table `customer`
--

INSERT INTO `customer` (`customer_id`, `customer_name`, `customer_route`) VALUES
('1', 'Bilal Iqbal', 1),
('10', 'Bilal Chaudhry', 8),
('100', 'Ahmed Butt', 5),
('101', 'Saad Farooq', 7),
('102', 'Ahmed Farooq', 6),
('103', 'Hassan Raza', 2),
('104', 'Zain Khan', 10),
('105', 'Saad Raza', 8),
('106', 'Hassan Iqbal', 7),
('107', 'Ali Sheikh', 8),
('108', 'Hamza Butt', 3),
('109', 'Hamza Ahmed', 1),
('11', 'Omar Malik', 6),
('110', 'Hamza Malik', 7),
('111', 'Hamza Malik', 10),
('112', 'Ahmed Butt', 6),
('113', 'Ayaan Iqbal', 5),
('114', 'Hamza Iqbal', 9),
('115', 'Ali Butt', 3),
('116', 'Usman Raza', 10),
('117', 'Usman Ahmed', 4),
('118', 'Bilal Iqbal', 10),
('119', 'Bilal Ahmed', 5),
('12', 'Ayaan Farooq', 9),
('120', 'Ali Chaudhry', 2),
('121', 'Hassan Sheikh', 8),
('122', 'Usman Butt', 3),
('123', 'Ahmed Malik', 3),
('124', 'Zain Shah', 6),
('125', 'Ayaan Chaudhry', 6),
('126', 'Hassan Khan', 4),
('127', 'Ahmed Raza', 7),
('128', 'Usman Farooq', 10),
('129', 'Ahmed Shah', 3),
('13', 'Omar Iqbal', 7),
('130', 'Saad Iqbal', 4),
('131', 'Usman Raza', 4),
('132', 'Ahmed Malik', 9),
('133', 'Ahmed Ahmed', 6),
('134', 'Zain Ahmed', 8),
('135', 'Zain Farooq', 3),
('136', 'Ali Farooq', 5),
('137', 'Ayaan Shah', 7),
('138', 'Ali Farooq', 5),
('139', 'Bilal Shah', 4),
('14', 'Hassan Chaudhry', 3),
('140', 'Saad Iqbal', 10),
('141', 'Ali Khan', 10),
('142', 'Saad Butt', 10),
('143', 'Ahmed Ahmed', 6),
('144', 'Ali Chaudhry', 3),
('145', 'Zain Khan', 6),
('146', 'Ali Ahmed', 1),
('147', 'Ali Sheikh', 8),
('148', 'Usman Ahmed', 8),
('149', 'Hassan Butt', 1),
('15', 'Ali Raza', 2),
('150', 'Ali Chaudhry', 3),
('151', 'Saad Khan', 3),
('152', 'Usman Shah', 1),
('153', 'Ali Chaudhry', 1),
('154', 'Bilal Khan', 1),
('155', 'Usman Sheikh', 3),
('156', 'Ali Sheikh', 3),
('157', 'Ali Malik', 2),
('158', 'Zain Iqbal', 3),
('159', 'Omar Raza', 6),
('16', 'Ayaan Ahmed', 5),
('160', 'Omar Chaudhry', 3),
('161', 'Saad Butt', 7),
('162', 'Zain Iqbal', 3),
('163', 'Bilal Farooq', 7),
('164', 'Ahmed Malik', 5),
('165', 'Usman Ahmed', 1),
('166', 'Bilal Malik', 4),
('167', 'Usman Farooq', 7),
('168', 'Ayaan Butt', 10),
('169', 'Hassan Farooq', 8),
('17', 'Zain Farooq', 3),
('170', 'Bilal Sheikh', 4),
('171', 'Saad Butt', 10),
('172', 'Saad Iqbal', 1),
('173', 'Saad Sheikh', 1),
('174', 'Omar Farooq', 6),
('175', 'Bilal Chaudhry', 8),
('176', 'Ali Farooq', 5),
('177', 'Ahmed Malik', 2),
('178', 'Usman Farooq', 10),
('179', 'Ahmed Raza', 4),
('18', 'Bilal Ahmed', 10),
('180', 'Bilal Khan', 1),
('181', 'Saad Sheikh', 10),
('182', 'Ahmed Shah', 2),
('183', 'Ahmed Shah', 9),
('184', 'Hassan Shah', 1),
('185', 'Zain Chaudhry', 10),
('186', 'Hassan Butt', 6),
('187', 'Saad Raza', 6),
('188', 'Saad Sheikh', 2),
('189', 'Ali Chaudhry', 1),
('19', 'Saad Raza', 10),
('190', 'Omar Khan', 5),
('191', 'Ali Farooq', 7),
('192', 'Ahmed Shah', 7),
('193', 'Ahmed Chaudhry', 4),
('194', 'Zain Chaudhry', 3),
('195', 'Omar Chaudhry', 5),
('196', 'Bilal Ahmed', 6),
('197', 'Saad Malik', 9),
('198', 'Ayaan Iqbal', 7),
('199', 'Ali Iqbal', 9),
('2', 'Bilal Khan', 1),
('20', 'Ayaan Khan', 1),
('200', 'Bilal Chaudhry', 3),
('201', 'Hamza Shah', 10),
('202', 'Usman Sheikh', 5),
('203', 'Hassan Khan', 3),
('204', 'Ayaan Chaudhry', 9),
('205', 'Ali Khan', 5),
('206', 'Ali Shah', 3),
('207', 'Usman Ahmed', 2),
('208', 'Saad Raza', 6),
('209', 'Ali Chaudhry', 7),
('21', 'Zain Shah', 10),
('210', 'Zain Shah', 9),
('211', 'Usman Malik', 3),
('212', 'Usman Sheikh', 8),
('213', 'Bilal Raza', 6),
('214', 'Zain Raza', 8),
('215', 'Saad Shah', 2),
('216', 'Hassan Khan', 4),
('217', 'Bilal Butt', 6),
('218', 'Ali Malik', 3),
('219', 'Hamza Khan', 1),
('22', 'Saad Farooq', 3),
('220', 'Ayaan Shah', 9),
('221', 'Usman Sheikh', 9),
('222', 'Ali Iqbal', 10),
('223', 'Ahmed Shah', 4),
('224', 'Usman Shah', 1),
('225', 'Zain Iqbal', 4),
('226', 'Ali Iqbal', 3),
('227', 'Ayaan Farooq', 1),
('228', 'Usman Ahmed', 4),
('229', 'Hassan Khan', 1),
('23', 'Saad Malik', 1),
('230', 'Zain Farooq', 9),
('231', 'Bilal Khan', 10),
('232', 'Saad Ahmed', 9),
('233', 'Zain Butt', 10),
('234', 'Ali Iqbal', 4),
('235', 'Ayaan Shah', 3),
('236', 'Ali Iqbal', 9),
('237', 'Ahmed Farooq', 2),
('238', 'Ahmed Farooq', 9),
('239', 'Saad Khan', 9),
('24', 'Saad Ahmed', 4),
('240', 'Hassan Butt', 5),
('241', 'Ahmed Chaudhry', 4),
('242', 'Ali Malik', 7),
('243', 'Omar Iqbal', 8),
('244', 'Saad Raza', 5),
('245', 'Ahmed Raza', 6),
('246', 'Usman Butt', 5),
('247', 'Ahmed Khan', 4),
('248', 'Omar Khan', 7),
('249', 'Zain Farooq', 3),
('25', 'Ahmed Raza', 4),
('250', 'Ali Sheikh', 1),
('251', 'Ali Farooq', 6),
('252', 'Ahmed Chaudhry', 4),
('253', 'Zain Ahmed', 6),
('254', 'Hassan Ahmed', 6),
('255', 'Hamza Chaudhry', 8),
('256', 'Ahmed Sheikh', 10),
('257', 'Saad Butt', 1),
('258', 'Zain Iqbal', 7),
('259', 'Saad Butt', 5),
('26', 'Ahmed Chaudhry', 6),
('260', 'Hamza Butt', 10),
('261', 'Omar Shah', 6),
('262', 'Hamza Malik', 8),
('263', 'Ahmed Ahmed', 7),
('264', 'Hamza Khan', 7),
('265', 'Usman Farooq', 10),
('266', 'Bilal Ahmed', 3),
('267', 'Usman Malik', 6),
('268', 'Hamza Ahmed', 7),
('269', 'Saad Khan', 6),
('27', 'Usman Khan', 1),
('270', 'Ali Sheikh', 4),
('271', 'Omar Malik', 5),
('272', 'Ali Shah', 5),
('273', 'Ahmed Shah', 1),
('274', 'Usman Iqbal', 2),
('275', 'Ahmed Iqbal', 4),
('276', 'Hassan Farooq', 8),
('277', 'Omar Sheikh', 8),
('278', 'Saad Malik', 6),
('279', 'Usman Iqbal', 4),
('28', 'Hassan Ahmed', 8),
('280', 'Ahmed Raza', 9),
('281', 'Hamza Ahmed', 9),
('282', 'Hamza Malik', 8),
('283', 'Omar Khan', 10),
('284', 'Saad Farooq', 10),
('285', 'Hamza Shah', 6),
('286', 'Ali Chaudhry', 1),
('287', 'Hassan Chaudhry', 9),
('288', 'Zain Farooq', 10),
('289', 'Ali Khan', 6),
('29', 'Omar Khan', 8),
('290', 'Hamza Khan', 2),
('291', 'Bilal Khan', 5),
('292', 'Saad Farooq', 4),
('293', 'Bilal Sheikh', 7),
('294', 'Zain Khan', 8),
('295', 'Saad Malik', 1),
('296', 'Ali Khan', 5),
('297', 'Usman Iqbal', 3),
('298', 'Ayaan Shah', 6),
('299', 'Bilal Ahmed', 10),
('3', 'Hamza Chaudhry', 2),
('30', 'Bilal Chaudhry', 6),
('300', 'Hassan Butt', 4),
('301', 'Zain Chaudhry', 9),
('302', 'Ali Chaudhry', 3),
('303', 'Ahmed Iqbal', 5),
('304', 'Usman Butt', 3),
('305', 'Bilal Raza', 8),
('306', 'Zain Raza', 5),
('307', 'Ayaan Shah', 7),
('308', 'Ali Khan', 6),
('309', 'Omar Raza', 5),
('31', 'Omar Butt', 2),
('310', 'Zain Ahmed', 8),
('311', 'Zain Malik', 7),
('312', 'Bilal Ahmed', 6),
('313', 'Ayaan Chaudhry', 1),
('314', 'Ayaan Chaudhry', 3),
('315', 'Saad Ahmed', 5),
('316', 'Zain Farooq', 4),
('317', 'Usman Raza', 3),
('318', 'Omar Khan', 8),
('319', 'Ayaan Farooq', 8),
('32', 'Ayaan Ahmed', 6),
('320', 'Bilal Butt', 4),
('321', 'Omar Iqbal', 7),
('322', 'Saad Iqbal', 2),
('323', 'Usman Butt', 2),
('324', 'Ayaan Butt', 7),
('325', 'Saad Iqbal', 6),
('326', 'Omar Chaudhry', 2),
('327', 'Ayaan Khan', 4),
('328', 'Bilal Butt', 5),
('329', 'Hamza Farooq', 6),
('33', 'Bilal Raza', 4),
('330', 'Omar Sheikh', 3),
('331', 'Omar Iqbal', 10),
('332', 'Hassan Chaudhry', 2),
('333', 'Bilal Chaudhry', 1),
('334', 'Ali Ahmed', 6),
('335', 'Zain Shah', 9),
('336', 'Ahmed Shah', 1),
('337', 'Saad Ahmed', 4),
('338', 'Ahmed Khan', 3),
('339', 'Omar Iqbal', 10),
('34', 'Ali Raza', 3),
('340', 'Ali Farooq', 9),
('341', 'Hassan Iqbal', 8),
('342', 'Omar Raza', 3),
('343', 'Saad Ahmed', 2),
('344', 'Ali Chaudhry', 6),
('345', 'Hamza Iqbal', 10),
('346', 'Ayaan Sheikh', 1),
('347', 'Ayaan Sheikh', 3),
('348', 'Usman Shah', 10),
('349', 'Hamza Sheikh', 4),
('35', 'Ahmed Malik', 9),
('350', 'Hassan Farooq', 1),
('351', 'Ali Raza', 1),
('352', 'Hassan Farooq', 8),
('353', 'Hassan Farooq', 10),
('354', 'Ali Farooq', 10),
('355', 'Ali Chaudhry', 8),
('356', 'Bilal Butt', 7),
('357', 'Usman Farooq', 5),
('358', 'Saad Khan', 10),
('359', 'Saad Malik', 10),
('36', 'Saad Malik', 9),
('360', 'Hassan Khan', 5),
('361', 'Ahmed Raza', 2),
('362', 'Ali Khan', 5),
('363', 'Hassan Butt', 8),
('364', 'Ayaan Iqbal', 1),
('365', 'Bilal Iqbal', 8),
('366', 'Zain Ahmed', 10),
('367', 'Ahmed Farooq', 3),
('368', 'Hassan Malik', 9),
('369', 'Bilal Farooq', 6),
('37', 'Saad Farooq', 3),
('370', 'Bilal Butt', 3),
('371', 'Hamza Malik', 2),
('372', 'Saad Sheikh', 6),
('373', 'Hamza Chaudhry', 3),
('374', 'Zain Farooq', 2),
('375', 'Ayaan Malik', 6),
('376', 'Zain Raza', 2),
('377', 'Zain Chaudhry', 6),
('378', 'Ahmed Chaudhry', 9),
('379', 'Usman Sheikh', 5),
('38', 'Omar Iqbal', 2),
('380', 'Ali Farooq', 4),
('381', 'Omar Butt', 10),
('382', 'Ali Raza', 6),
('383', 'Ahmed Butt', 9),
('384', 'Hamza Ahmed', 8),
('385', 'Zain Chaudhry', 4),
('386', 'Ayaan Ahmed', 1),
('387', 'Hassan Shah', 10),
('388', 'Omar Khan', 1),
('389', 'Ali Malik', 9),
('39', 'Ali Shah', 1),
('390', 'Saad Farooq', 1),
('391', 'Usman Iqbal', 2),
('392', 'Ahmed Sheikh', 8),
('393', 'Hassan Raza', 3),
('394', 'Bilal Chaudhry', 1),
('395', 'Bilal Shah', 4),
('396', 'Hamza Chaudhry', 5),
('397', 'Usman Butt', 2),
('398', 'Hassan Malik', 8),
('399', 'Bilal Butt', 8),
('4', 'Usman Sheikh', 3),
('40', 'Ahmed Raza', 10),
('400', 'Bilal Ahmed', 6),
('401', 'Usman Farooq', 4),
('402', 'Ali Butt', 5),
('403', 'Saad Shah', 2),
('404', 'Saad Ahmed', 7),
('405', 'Hamza Chaudhry', 3),
('406', 'Usman Malik', 10),
('407', 'Omar Raza', 4),
('408', 'Omar Khan', 3),
('409', 'Bilal Chaudhry', 1),
('41', 'Ayaan Khan', 8),
('410', 'Saad Sheikh', 4),
('411', 'Zain Sheikh', 7),
('412', 'Zain Iqbal', 3),
('413', 'Hamza Farooq', 1),
('414', 'Hassan Chaudhry', 1),
('415', 'Ali Khan', 5),
('416', 'Omar Ahmed', 4),
('417', 'Usman Chaudhry', 8),
('418', 'Hassan Malik', 5),
('419', 'Omar Sheikh', 10),
('42', 'Saad Ahmed', 10),
('420', 'Omar Shah', 10),
('421', 'Hassan Raza', 1),
('422', 'Usman Raza', 1),
('423', 'Bilal Ahmed', 6),
('424', 'Ali Sheikh', 9),
('425', 'Omar Ahmed', 8),
('426', 'Bilal Raza', 7),
('427', 'Hamza Farooq', 8),
('428', 'Usman Butt', 6),
('429', 'Omar Butt', 9),
('43', 'Omar Farooq', 7),
('430', 'Ahmed Iqbal', 7),
('431', 'Bilal Shah', 5),
('432', 'Zain Malik', 1),
('433', 'Hassan Butt', 5),
('434', 'Ali Iqbal', 7),
('435', 'Hamza Butt', 8),
('436', 'Hassan Shah', 10),
('437', 'Omar Chaudhry', 10),
('438', 'Hassan Khan', 1),
('439', 'Saad Shah', 8),
('44', 'Hassan Ahmed', 3),
('440', 'Ahmed Shah', 10),
('441', 'Bilal Khan', 3),
('442', 'Ahmed Chaudhry', 10),
('443', 'Usman Shah', 1),
('444', 'Hamza Shah', 9),
('445', 'Ali Raza', 1),
('446', 'Zain Khan', 10),
('447', 'Ali Sheikh', 6),
('448', 'Ali Ahmed', 1),
('449', 'Bilal Raza', 6),
('45', 'Ali Malik', 4),
('450', 'Hamza Sheikh', 3),
('451', 'Hassan Malik', 10),
('452', 'Hamza Raza', 9),
('453', 'Zain Raza', 4),
('454', 'Zain Malik', 4),
('455', 'Zain Malik', 6),
('456', 'Zain Raza', 2),
('457', 'Ayaan Ahmed', 4),
('458', 'Hamza Butt', 6),
('459', 'Bilal Shah', 7),
('46', 'Saad Farooq', 2),
('460', 'Ali Khan', 1),
('461', 'Zain Ahmed', 2),
('462', 'Hassan Ahmed', 10),
('463', 'Zain Raza', 7),
('464', 'Hamza Farooq', 10),
('465', 'Ahmed Farooq', 5),
('466', 'Zain Farooq', 2),
('467', 'Saad Ahmed', 1),
('468', 'Zain Butt', 9),
('469', 'Omar Khan', 6),
('47', 'Usman Sheikh', 2),
('470', 'Zain Butt', 1),
('471', 'Ali Farooq', 7),
('472', 'Saad Ahmed', 1),
('473', 'Ahmed Khan', 9),
('474', 'Usman Raza', 5),
('475', 'Hassan Ahmed', 5),
('476', 'Ali Chaudhry', 7),
('477', 'Usman Iqbal', 9),
('478', 'Ayaan Iqbal', 5),
('479', 'Ahmed Ahmed', 7),
('48', 'Ali Farooq', 2),
('480', 'Ayaan Malik', 7),
('481', 'Bilal Sheikh', 7),
('482', 'Usman Khan', 10),
('483', 'Hamza Sheikh', 2),
('484', 'Ahmed Iqbal', 5),
('485', 'Usman Chaudhry', 3),
('486', 'Saad Farooq', 2),
('487', 'Ayaan Shah', 7),
('488', 'Usman Iqbal', 9),
('489', 'Hassan Butt', 5),
('49', 'Saad Raza', 8),
('490', 'Zain Butt', 9),
('491', 'Omar Sheikh', 7),
('492', 'Hassan Chaudhry', 5),
('493', 'Hamza Iqbal', 7),
('494', 'Hassan Malik', 5),
('495', 'Ahmed Chaudhry', 10),
('496', 'Ayaan Iqbal', 5),
('497', 'Bilal Khan', 5),
('498', 'Bilal Ahmed', 8),
('499', 'Ayaan Farooq', 6),
('5', 'Saad Farooq', 4),
('50', 'Usman Malik', 4),
('500', 'Hassan Malik', 10),
('51', 'Bilal Raza', 1),
('52', 'Usman Sheikh', 9),
('53', 'Ayaan Butt', 2),
('54', 'Omar Raza', 5),
('55', 'Ayaan Malik', 7),
('56', 'Saad Farooq', 2),
('57', 'Omar Khan', 9),
('58', 'Hassan Chaudhry', 6),
('59', 'Hassan Iqbal', 1),
('6', 'Zain Butt', 2),
('60', 'Ayaan Chaudhry', 2),
('61', 'Saad Malik', 6),
('62', 'Ahmed Raza', 10),
('63', 'Usman Sheikh', 7),
('64', 'Usman Sheikh', 6),
('65', 'Ayaan Malik', 5),
('66', 'Hamza Khan', 6),
('67', 'Hamza Raza', 2),
('68', 'Usman Butt', 3),
('69', 'Ayaan Chaudhry', 3),
('7', 'Hassan Raza', 5),
('70', 'Ali Sheikh', 3),
('71', 'Ayaan Chaudhry', 8),
('72', 'Hassan Ahmed', 1),
('73', 'Hassan Ahmed', 7),
('74', 'Ali Malik', 7),
('75', 'Ahmed Farooq', 9),
('76', 'Ali Farooq', 6),
('77', 'Bilal Raza', 8),
('78', 'Usman Raza', 7),
('79', 'Bilal Chaudhry', 3),
('8', 'Omar Butt', 6),
('80', 'Ahmed Shah', 3),
('81', 'Ahmed Shah', 8),
('82', 'Hamza Khan', 6),
('83', 'Omar Sheikh', 4),
('84', 'Omar Malik', 1),
('85', 'Ahmed Chaudhry', 1),
('86', 'Saad Chaudhry', 5),
('87', 'Hamza Butt', 2),
('88', 'Bilal Iqbal', 8),
('89', 'Bilal Khan', 6),
('9', 'Ali Malik', 7),
('90', 'Usman Raza', 3),
('91', 'Ahmed Raza', 5),
('92', 'Omar Shah', 3),
('93', 'Ali Iqbal', 3),
('94', 'Hamza Malik', 9),
('95', 'Bilal Ahmed', 7),
('96', 'Ayaan Shah', 1),
('97', 'Hamza Shah', 5),
('98', 'Hassan Malik', 4),
('99', 'Omar Ahmed', 4);

-- --------------------------------------------------------

--
-- Table structure for table `invoice_issued`
--

CREATE TABLE `invoice_issued` (
  `issued_invoice_id` int(11) NOT NULL,
  `issued_invoice_date` date NOT NULL,
  `invoice_id` text NOT NULL,
  `customer_id` text NOT NULL,
  `invoice_amount` bigint(20) NOT NULL,
  `recived_amount` bigint(20) NOT NULL,
  `bill_status` enum('Nill','BF','Returned') NOT NULL
) ENGINE=InnoDB DEFAULT CHARSET=utf8mb4 COLLATE=utf8mb4_general_ci;

-- --------------------------------------------------------

--
-- Table structure for table `picklist`
--

CREATE TABLE `picklist` (
  `picklist_id` varchar(36) NOT NULL,
  `picklist_saleman` int(11) NOT NULL,
  `picklist_date` date NOT NULL,
  `picklist_amount` bigint(20) NOT NULL,
  `picklist_recovery` bigint(20) NOT NULL,
  `picklist_credit` bigint(20) NOT NULL,
  `picklist_sceheme_amount` bigint(20) NOT NULL,
  `picklist_return` bigint(20) NOT NULL,
  `picklist_date_processed` date DEFAULT NULL
) ENGINE=InnoDB DEFAULT CHARSET=utf8mb4 COLLATE=utf8mb4_general_ci;

--
-- Dumping data for table `picklist`
--

INSERT INTO `picklist` (`picklist_id`, `picklist_saleman`, `picklist_date`, `picklist_amount`, `picklist_recovery`, `picklist_credit`, `picklist_sceheme_amount`, `picklist_return`, `picklist_date_processed`) VALUES
('100', 4, '2026-02-13', 13000, 1000, 11950, 0, 50, '2026-02-14'),
('MF_1_20260213_698f662e5683d', 1, '2026-02-13', 886096, 0, 12041, 0, 0, '2026-02-13'),
('MF_1_20260214_6990141ba4e17', 1, '2026-02-14', 575861, 0, 575861, 0, 0, '2026-02-14'),
('MF_2_20260213_698f662e56efc', 2, '2026-02-13', 1740816, 0, 0, 0, 0, '2026-02-13'),
('MF_2_20260214_6990145cab410', 2, '2026-02-14', 1755359, 0, 1755359, 0, 0, '2026-02-14'),
('MF_3_20260213_698f662e576dd', 3, '2026-02-13', 2908847, 0, 0, 0, 0, '2026-02-13'),
('MF_3_20260214_6990142be9cd8', 3, '2026-02-14', 2813034, 0, 2813034, 0, 0, '2026-02-14'),
('MF_4_20260213_698f662e57e78', 4, '2026-02-13', 683784, 0, 0, 0, 0, '2026-02-13'),
('MF_4_20260214_6990147110cf5', 4, '2026-02-14', 638657, 0, 638657, 0, 0, '2026-02-14'),
('MF_5_20260213_698f662e588f4', 5, '2026-02-13', 608705, 0, 0, 0, 0, '2026-02-13'),
('MF_5_20260214_6990143e21df9', 5, '2026-02-14', 613651, 0, 613651, 0, 0, '2026-02-14');

-- --------------------------------------------------------

--
-- Table structure for table `recovery_sheet`
--

CREATE TABLE `recovery_sheet` (
  `recovery_id` int(11) NOT NULL,
  `recovery_date` date NOT NULL,
  `recovery_sheet_saleman_id` int(11) NOT NULL,
  `recovery_sheet_amount` decimal(10,2) DEFAULT NULL,
  `recovery_sheet_recovery` decimal(10,2) DEFAULT NULL,
  `recovery_sheet_returned` decimal(10,2) DEFAULT 0.00,
  `sheet_status` enum('0','1') NOT NULL
) ENGINE=InnoDB DEFAULT CHARSET=utf8mb4 COLLATE=utf8mb4_general_ci;

--
-- Dumping data for table `recovery_sheet`
--

INSERT INTO `recovery_sheet` (`recovery_id`, `recovery_date`, `recovery_sheet_saleman_id`, `recovery_sheet_amount`, `recovery_sheet_recovery`, `recovery_sheet_returned`, `sheet_status`) VALUES
(1, '2026-02-13', 1, '20041.00', '11760.00', '281.00', '1'),
(2, '2026-02-14', 1, '575861.00', '51685.00', '3268.00', '1'),
(3, '2026-02-14', 1, '7000.00', '0.00', '0.00', '0'),
(4, '2026-02-14', 2, '514755.00', '18555.00', '701.00', '1'),
(5, '2026-02-14', 2, '87552.00', '0.00', '0.00', '0');

-- --------------------------------------------------------

--
-- Table structure for table `recovery_sheet_detail`
--

CREATE TABLE `recovery_sheet_detail` (
  `recovery_detail_id` int(33) NOT NULL,
  `recovery_sheet_id` int(33) NOT NULL,
  `recovery_sheet_bill_id` varchar(100) NOT NULL,
  `recovery_sheet_bill_amount` decimal(10,2) NOT NULL,
  `recovery_sheet_bill_recovered` decimal(10,2) NOT NULL,
  `recovery_sheet_bill_returned` decimal(10,2) DEFAULT 0.00
) ENGINE=InnoDB DEFAULT CHARSET=utf8mb4 COLLATE=utf8mb4_general_ci;

--
-- Dumping data for table `recovery_sheet_detail`
--

INSERT INTO `recovery_sheet_detail` (`recovery_detail_id`, `recovery_sheet_id`, `recovery_sheet_bill_id`, `recovery_sheet_bill_amount`, `recovery_sheet_bill_recovered`, `recovery_sheet_bill_returned`) VALUES
(1, 1, 'LEG_BILL_ID_109_6569', '1768.00', '1760.00', '8.00'),
(2, 1, 'LEG_BILL_ID_146_5019', '18273.00', '10000.00', '273.00'),
(3, 2, 'LEG_BILL_ID_146_5019', '8000.00', '0.00', '0.00'),
(4, 2, 'LEG_BILL_ID_149_6870', '14569.00', '0.00', '0.00'),
(5, 2, 'LEG_BILL_ID_152_2260', '20255.00', '0.00', '0.00'),
(6, 2, 'LEG_BILL_ID_153_3086', '9131.00', '0.00', '0.00'),
(7, 2, 'LEG_BILL_ID_154_4908', '17393.00', '10000.00', '0.00'),
(8, 2, 'LEG_BILL_ID_165_6763', '7699.00', '0.00', '699.00'),
(9, 2, 'LEG_BILL_ID_172_3610', '18938.00', '0.00', '0.00'),
(10, 2, 'LEG_BILL_ID_173_3534', '2844.00', '0.00', '0.00'),
(11, 2, 'LEG_BILL_ID_180_2302', '23361.00', '0.00', '0.00'),
(12, 2, 'LEG_BILL_ID_184_9899', '6332.00', '0.00', '0.00'),
(13, 2, 'LEG_BILL_ID_189_2323', '19049.00', '0.00', '0.00'),
(14, 2, 'LEG_BILL_ID_1_6158', '23662.00', '0.00', '0.00'),
(15, 2, 'LEG_BILL_ID_20_9713', '10229.00', '0.00', '0.00'),
(16, 2, 'LEG_BILL_ID_219_1259', '1175.00', '0.00', '0.00'),
(17, 2, 'LEG_BILL_ID_224_1276', '4672.00', '4670.00', '2.00'),
(18, 2, 'LEG_BILL_ID_227_2318', '6764.00', '0.00', '0.00'),
(19, 2, 'LEG_BILL_ID_229_1632', '10543.00', '0.00', '0.00'),
(20, 2, 'LEG_BILL_ID_23_8130', '2273.00', '0.00', '0.00'),
(21, 2, 'LEG_BILL_ID_250_3428', '7650.00', '0.00', '0.00'),
(22, 2, 'LEG_BILL_ID_257_8235', '53.00', '0.00', '53.00'),
(23, 2, 'LEG_BILL_ID_273_1257', '35943.00', '0.00', '0.00'),
(24, 2, 'LEG_BILL_ID_27_3464', '4665.00', '0.00', '0.00'),
(25, 2, 'LEG_BILL_ID_286_2152', '6517.00', '6517.00', '0.00'),
(26, 2, 'LEG_BILL_ID_295_3865', '10489.00', '489.00', '0.00'),
(27, 2, 'LEG_BILL_ID_2_8183', '15662.00', '5000.00', '0.00'),
(28, 2, 'LEG_BILL_ID_313_2362', '6088.00', '0.00', '0.00'),
(29, 2, 'LEG_BILL_ID_333_2024', '28223.00', '0.00', '3.00'),
(30, 2, 'LEG_BILL_ID_336_1608', '2388.00', '0.00', '0.00'),
(31, 2, 'LEG_BILL_ID_346_9759', '3171.00', '0.00', '0.00'),
(32, 2, 'LEG_BILL_ID_350_4207', '9154.00', '9150.00', '4.00'),
(33, 2, 'LEG_BILL_ID_351_8961', '718.00', '0.00', '0.00'),
(34, 2, 'LEG_BILL_ID_364_1812', '14500.00', '0.00', '0.00'),
(35, 2, 'LEG_BILL_ID_386_3090', '3697.00', '0.00', '697.00'),
(36, 2, 'LEG_BILL_ID_388_3189', '6874.00', '0.00', '0.00'),
(37, 2, 'LEG_BILL_ID_390_7048', '13137.00', '0.00', '0.00'),
(38, 2, 'LEG_BILL_ID_394_1320', '13152.00', '0.00', '0.00'),
(39, 2, 'LEG_BILL_ID_39_9654', '11881.00', '0.00', '0.00'),
(40, 2, 'LEG_BILL_ID_409_4626', '15453.00', '0.00', '0.00'),
(41, 2, 'LEG_BILL_ID_413_6145', '6248.00', '0.00', '0.00'),
(42, 2, 'LEG_BILL_ID_414_2695', '24569.00', '0.00', '0.00'),
(43, 2, 'LEG_BILL_ID_421_3076', '2011.00', '0.00', '0.00'),
(44, 2, 'LEG_BILL_ID_422_7735', '7969.00', '7969.00', '0.00'),
(45, 2, 'LEG_BILL_ID_432_9949', '5446.00', '0.00', '446.00'),
(46, 2, 'LEG_BILL_ID_438_1819', '2082.00', '0.00', '0.00'),
(47, 2, 'LEG_BILL_ID_443_2209', '26095.00', '0.00', '95.00'),
(48, 2, 'LEG_BILL_ID_445_5310', '11396.00', '0.00', '0.00'),
(49, 2, 'LEG_BILL_ID_448_7693', '4414.00', '0.00', '0.00'),
(50, 2, 'LEG_BILL_ID_460_9972', '5538.00', '0.00', '0.00'),
(51, 2, 'LEG_BILL_ID_467_7799', '3772.00', '0.00', '0.00'),
(52, 2, 'LEG_BILL_ID_470_2334', '1373.00', '0.00', '0.00'),
(53, 2, 'LEG_BILL_ID_472_1146', '5893.00', '5890.00', '3.00'),
(54, 2, 'LEG_BILL_ID_51_9812', '15259.00', '0.00', '0.00'),
(55, 2, 'LEG_BILL_ID_59_1102', '26999.00', '0.00', '0.00'),
(56, 2, 'LEG_BILL_ID_72_2772', '3764.00', '0.00', '764.00'),
(57, 2, 'LEG_BILL_ID_84_6123', '4227.00', '0.00', '0.00'),
(58, 2, 'LEG_BILL_ID_85_5748', '2168.00', '2000.00', '168.00'),
(59, 2, 'LEG_BILL_ID_96_6045', '334.00', '0.00', '334.00'),
(60, 3, 'LEG_BILL_ID_165_6763', '7000.00', '0.00', '0.00'),
(61, 4, 'LEG_BILL_ID_103_8960', '2286.00', '0.00', '0.00'),
(62, 4, 'LEG_BILL_ID_120_7592', '25418.00', '0.00', '0.00'),
(63, 4, 'LEG_BILL_ID_157_4756', '2113.00', '2113.00', '0.00'),
(64, 4, 'LEG_BILL_ID_15_5617', '1917.00', '0.00', '0.00'),
(65, 4, 'LEG_BILL_ID_177_9812', '1303.00', '0.00', '0.00'),
(66, 4, 'LEG_BILL_ID_182_1266', '13843.00', '0.00', '0.00'),
(67, 4, 'LEG_BILL_ID_188_5640', '8685.00', '0.00', '0.00'),
(68, 4, 'LEG_BILL_ID_207_9496', '26885.00', '0.00', '0.00'),
(69, 4, 'LEG_BILL_ID_215_2936', '2663.00', '2663.00', '0.00'),
(70, 4, 'LEG_BILL_ID_237_6717', '3098.00', '0.00', '0.00'),
(71, 4, 'LEG_BILL_ID_274_2419', '25906.00', '0.00', '0.00'),
(72, 4, 'LEG_BILL_ID_290_1652', '17355.00', '0.00', '0.00'),
(73, 4, 'LEG_BILL_ID_31_4701', '2283.00', '0.00', '0.00'),
(74, 4, 'LEG_BILL_ID_322_8262', '7414.00', '0.00', '0.00'),
(75, 4, 'LEG_BILL_ID_323_7454', '21468.00', '0.00', '0.00'),
(76, 4, 'LEG_BILL_ID_326_8570', '33054.00', '0.00', '0.00'),
(77, 4, 'LEG_BILL_ID_332_3606', '3058.00', '0.00', '0.00'),
(78, 4, 'LEG_BILL_ID_343_1133', '8420.00', '0.00', '0.00'),
(79, 4, 'LEG_BILL_ID_361_1772', '27357.00', '0.00', '0.00'),
(80, 4, 'LEG_BILL_ID_371_4503', '7802.00', '0.00', '0.00'),
(81, 4, 'LEG_BILL_ID_374_3498', '36576.00', '0.00', '0.00'),
(82, 4, 'LEG_BILL_ID_376_2663', '9569.00', '0.00', '0.00'),
(83, 4, 'LEG_BILL_ID_38_5668', '2015.00', '0.00', '0.00'),
(84, 4, 'LEG_BILL_ID_391_3427', '3074.00', '3000.00', '74.00'),
(85, 4, 'LEG_BILL_ID_397_4068', '2424.00', '0.00', '0.00'),
(86, 4, 'LEG_BILL_ID_3_9504', '9904.00', '0.00', '0.00'),
(87, 4, 'LEG_BILL_ID_403_9446', '23094.00', '0.00', '0.00'),
(88, 4, 'LEG_BILL_ID_456_6229', '21479.00', '0.00', '0.00'),
(89, 4, 'LEG_BILL_ID_461_3962', '1682.00', '1000.00', '0.00'),
(90, 4, 'LEG_BILL_ID_466_8728', '19547.00', '9000.00', '547.00'),
(91, 4, 'LEG_BILL_ID_46_5633', '10460.00', '0.00', '0.00'),
(92, 4, 'LEG_BILL_ID_47_9739', '79.00', '79.00', '0.00'),
(93, 4, 'LEG_BILL_ID_483_7090', '1635.00', '0.00', '0.00'),
(94, 4, 'LEG_BILL_ID_486_7457', '1980.00', '0.00', '0.00'),
(95, 4, 'LEG_BILL_ID_48_9742', '19055.00', '0.00', '55.00'),
(96, 4, 'LEG_BILL_ID_53_2567', '2725.00', '700.00', '25.00'),
(97, 4, 'LEG_BILL_ID_56_8983', '23056.00', '0.00', '0.00'),
(98, 4, 'LEG_BILL_ID_60_3566', '19385.00', '0.00', '0.00'),
(99, 4, 'LEG_BILL_ID_67_9076', '22922.00', '0.00', '0.00'),
(100, 4, 'LEG_BILL_ID_6_5442', '23367.00', '0.00', '0.00'),
(101, 4, 'LEG_BILL_ID_87_4995', '18399.00', '0.00', '0.00'),
(102, 5, 'LEG_BILL_ID_461_3962', '682.00', '0.00', '0.00'),
(103, 5, 'LEG_BILL_ID_60_3566', '19385.00', '0.00', '0.00'),
(104, 5, 'LEG_BILL_ID_6_5442', '23367.00', '0.00', '0.00'),
(105, 5, 'LEG_BILL_ID_31_4701', '2283.00', '0.00', '0.00'),
(106, 5, 'LEG_BILL_ID_403_9446', '23094.00', '0.00', '0.00'),
(107, 5, 'LEG_BILL_ID_103_8960', '2286.00', '0.00', '0.00'),
(108, 5, 'LEG_BILL_ID_104_4518', '6250.00', '0.00', '0.00'),
(109, 5, 'LEG_BILL_ID_111_6226', '10205.00', '0.00', '0.00');

-- --------------------------------------------------------

--
-- Table structure for table `routes`
--

CREATE TABLE `routes` (
  `route_id` int(11) NOT NULL,
  `sector_id` int(11) NOT NULL,
  `saleman_id` int(11) DEFAULT NULL,
  `day` text DEFAULT NULL
) ENGINE=InnoDB DEFAULT CHARSET=utf8mb4 COLLATE=utf8mb4_general_ci;

--
-- Dumping data for table `routes`
--

INSERT INTO `routes` (`route_id`, `sector_id`, `saleman_id`, `day`) VALUES
(1, 1, 1, 'Monday'),
(2, 2, 2, 'Monday'),
(3, 3, 3, 'Wednesday'),
(4, 4, 3, 'Thursday'),
(5, 5, 4, 'Monday'),
(6, 6, 3, 'Tuesday'),
(7, 7, 5, 'Monday'),
(8, 8, 3, 'Monday'),
(9, 9, 2, 'Tuesday'),
(10, 10, 2, 'Wednesday'),
(11, 11, 2, 'Wednesday');

-- --------------------------------------------------------

--
-- Stand-in structure for view `route_saleman_relation`
-- (See below for the actual view)
--
CREATE TABLE `route_saleman_relation` (
`route_id` int(11)
,`sector_id` int(11)
,`sector_name` text
,`saleman_name` text
);

-- --------------------------------------------------------

--
-- Table structure for table `salesman`
--

CREATE TABLE `salesman` (
  `saleman_id` int(11) NOT NULL,
  `saleman_name` text NOT NULL
) ENGINE=InnoDB DEFAULT CHARSET=utf8mb4 COLLATE=utf8mb4_general_ci;

--
-- Dumping data for table `salesman`
--

INSERT INTO `salesman` (`saleman_id`, `saleman_name`) VALUES
(1, 'Faisal'),
(2, 'Tariq'),
(3, 'Asif'),
(4, 'Kashif'),
(5, 'Imran');

-- --------------------------------------------------------

--
-- Table structure for table `sector`
--

CREATE TABLE `sector` (
  `sector_id` int(11) NOT NULL,
  `sector_name` text NOT NULL
) ENGINE=InnoDB DEFAULT CHARSET=utf8mb4 COLLATE=utf8mb4_general_ci;

--
-- Dumping data for table `sector`
--

INSERT INTO `sector` (`sector_id`, `sector_name`) VALUES
(1, 'Bahria Town'),
(2, 'DHA Phase 1'),
(3, 'Johar Town'),
(4, 'Satellite Town'),
(5, 'DHA Phase 2'),
(6, 'Defence View'),
(7, 'Clifton Block 5'),
(8, 'Cantt Area'),
(9, 'Gulshan-e-Iqbal'),
(10, 'Model Town'),
(11, 'Tillu Road'),
(12, 'Tillu Road'),
(13, 'Tillu Road'),
(14, 'Tillu Road'),
(15, 'Tillu Road');

-- --------------------------------------------------------

--
-- Stand-in structure for view `view_recovery_sheet_detail`
-- (See below for the actual view)
--
CREATE TABLE `view_recovery_sheet_detail` (
`ID` varchar(100)
,`Date` date
,`Days` int(7)
,`Shop` text
,`Amount` bigint(20)
);

-- --------------------------------------------------------

--
-- Stand-in structure for view `vw_customer_bill_ledger`
-- (See below for the actual view)
--
CREATE TABLE `vw_customer_bill_ledger` (
`customer_id` mediumtext
,`bill_id` mediumtext
,`event_date` date
,`src_ledger_id` int(11)
,`ref_id` int(11)
,`debit` decimal(20,1)
,`credit` decimal(20,1)
,`return_amount` decimal(20,1)
,`source_type` varchar(8)
,`bill_status` varchar(6)
,`running_balance` decimal(2,1)
);

-- --------------------------------------------------------

--
-- Structure for view `billsinfo`
--
DROP TABLE IF EXISTS `billsinfo`;

CREATE ALGORITHM=UNDEFINED DEFINER=`root`@`localhost` SQL SECURITY DEFINER VIEW `billsinfo`  AS SELECT `a`.`bill_id` AS `bill_id`, `b`.`customer_name` AS `customer_name`, `d`.`saleman_name` AS `saleman_name`, `e`.`sector_name` AS `sector_name`, `a`.`bill_date` AS `bill_date`, `a`.`bill_amount` AS `bill_amount` FROM ((((`bill` `a` join `customer` `b` on(`a`.`cutomer_id` = `b`.`customer_id`)) join `picklist` `c` on(`a`.`picklist_id` = `c`.`picklist_id`)) join `salesman` `d` on(`c`.`picklist_saleman` = `d`.`saleman_id`)) join `route_saleman_relation` `e` on(`b`.`customer_route` = `e`.`route_id`))  ;

-- --------------------------------------------------------

--
-- Structure for view `route_saleman_relation`
--
DROP TABLE IF EXISTS `route_saleman_relation`;

CREATE ALGORITHM=UNDEFINED DEFINER=`root`@`localhost` SQL SECURITY DEFINER VIEW `route_saleman_relation`  AS SELECT `t`.`route_id` AS `route_id`, `t`.`sector_id` AS `sector_id`, `s`.`sector_name` AS `sector_name`, `m`.`saleman_name` AS `saleman_name` FROM ((`routes` `t` left join `sector` `s` on(`t`.`sector_id` = `s`.`sector_id`)) left join `salesman` `m` on(`t`.`saleman_id` = `m`.`saleman_id`))  ;

-- --------------------------------------------------------

--
-- Structure for view `view_recovery_sheet_detail`
--
DROP TABLE IF EXISTS `view_recovery_sheet_detail`;

CREATE ALGORITHM=UNDEFINED DEFINER=`root`@`localhost` SQL SECURITY DEFINER VIEW `view_recovery_sheet_detail`  AS SELECT `a`.`bill_id` AS `ID`, `a`.`bill_date` AS `Date`, to_days(current_timestamp()) - to_days(`a`.`bill_date`) AS `Days`, `b`.`customer_name` AS `Shop`, `a`.`bill_amount` AS `Amount` FROM (`bill` `a` join `customer` `b` on(`a`.`cutomer_id` = `b`.`customer_id`)) WHERE `a`.`bill_id` in (select `recovery_sheet_detail`.`recovery_sheet_bill_id` from `recovery_sheet_detail`)  ;

-- --------------------------------------------------------

--
-- Structure for view `vw_customer_bill_ledger`
--
DROP TABLE IF EXISTS `vw_customer_bill_ledger`;

CREATE ALGORITHM=UNDEFINED DEFINER=`root`@`localhost` SQL SECURITY DEFINER VIEW `vw_customer_bill_ledger`  AS SELECT `b`.`cutomer_id` AS `customer_id`, `b`.`bill_id` AS `bill_id`, `b`.`bill_date` AS `event_date`, 0 AS `src_ledger_id`, 0 AS `ref_id`, cast(`b`.`bill_amount` + ifnull((select sum(`bill_ledger`.`recived_amount` + `bill_ledger`.`return_amount`) from `bill_ledger` where `bill_ledger`.`bill_id` = `b`.`bill_id`),0) as decimal(20,1)) AS `debit`, 0.0 AS `credit`, 0.0 AS `return_amount`, 'issuance' AS `source_type`, `b`.`Bill_status` AS `bill_status`, 0.0 AS `running_balance` FROM `bill` AS `b` union all select `bl`.`customer_id` AS `customer_id`,`bl`.`bill_id` AS `bill_id`,`bl`.`ledger_date` AS `event_date`,`bl`.`ledger_id` AS `src_ledger_id`,`bl`.`ref_id` AS `ref_id`,0.0 AS `debit`,cast(`bl`.`recived_amount` as decimal(20,1)) AS `credit`,cast(coalesce(`bl`.`return_amount`,0) as decimal(20,1)) AS `return_amount`,'ledger' AS `source_type`,`bl`.`bill_status` AS `bill_status`,0.0 AS `running_balance` from `bill_ledger` `bl`  ;

--
-- Indexes for dumped tables
--

--
-- Indexes for table `admin`
--
ALTER TABLE `admin`
  ADD PRIMARY KEY (`admin_id`);

--
-- Indexes for table `bill`
--
ALTER TABLE `bill`
  ADD PRIMARY KEY (`bill_id`);

--
-- Indexes for table `bill_ledger`
--
ALTER TABLE `bill_ledger`
  ADD PRIMARY KEY (`ledger_id`);

--
-- Indexes for table `bill_return`
--
ALTER TABLE `bill_return`
  ADD PRIMARY KEY (`return_id`);

--
-- Indexes for table `customer`
--
ALTER TABLE `customer`
  ADD PRIMARY KEY (`customer_id`);

--
-- Indexes for table `invoice_issued`
--
ALTER TABLE `invoice_issued`
  ADD PRIMARY KEY (`issued_invoice_id`);

--
-- Indexes for table `picklist`
--
ALTER TABLE `picklist`
  ADD PRIMARY KEY (`picklist_id`);

--
-- Indexes for table `recovery_sheet`
--
ALTER TABLE `recovery_sheet`
  ADD PRIMARY KEY (`recovery_id`);

--
-- Indexes for table `recovery_sheet_detail`
--
ALTER TABLE `recovery_sheet_detail`
  ADD PRIMARY KEY (`recovery_detail_id`);

--
-- Indexes for table `routes`
--
ALTER TABLE `routes`
  ADD PRIMARY KEY (`route_id`);

--
-- Indexes for table `salesman`
--
ALTER TABLE `salesman`
  ADD PRIMARY KEY (`saleman_id`);

--
-- Indexes for table `sector`
--
ALTER TABLE `sector`
  ADD PRIMARY KEY (`sector_id`);

--
-- AUTO_INCREMENT for dumped tables
--

--
-- AUTO_INCREMENT for table `admin`
--
ALTER TABLE `admin`
  MODIFY `admin_id` int(11) NOT NULL AUTO_INCREMENT, AUTO_INCREMENT=2;

--
-- AUTO_INCREMENT for table `bill_ledger`
--
ALTER TABLE `bill_ledger`
  MODIFY `ledger_id` int(11) NOT NULL AUTO_INCREMENT, AUTO_INCREMENT=603;

--
-- AUTO_INCREMENT for table `bill_return`
--
ALTER TABLE `bill_return`
  MODIFY `return_id` int(11) NOT NULL AUTO_INCREMENT, AUTO_INCREMENT=82;

--
-- AUTO_INCREMENT for table `invoice_issued`
--
ALTER TABLE `invoice_issued`
  MODIFY `issued_invoice_id` int(11) NOT NULL AUTO_INCREMENT;

--
-- AUTO_INCREMENT for table `recovery_sheet`
--
ALTER TABLE `recovery_sheet`
  MODIFY `recovery_id` int(11) NOT NULL AUTO_INCREMENT, AUTO_INCREMENT=6;

--
-- AUTO_INCREMENT for table `recovery_sheet_detail`
--
ALTER TABLE `recovery_sheet_detail`
  MODIFY `recovery_detail_id` int(33) NOT NULL AUTO_INCREMENT, AUTO_INCREMENT=110;

--
-- AUTO_INCREMENT for table `routes`
--
ALTER TABLE `routes`
  MODIFY `route_id` int(11) NOT NULL AUTO_INCREMENT, AUTO_INCREMENT=12;

--
-- AUTO_INCREMENT for table `salesman`
--
ALTER TABLE `salesman`
  MODIFY `saleman_id` int(11) NOT NULL AUTO_INCREMENT, AUTO_INCREMENT=6;

--
-- AUTO_INCREMENT for table `sector`
--
ALTER TABLE `sector`
  MODIFY `sector_id` int(11) NOT NULL AUTO_INCREMENT, AUTO_INCREMENT=16;
COMMIT;

/*!40101 SET CHARACTER_SET_CLIENT=@OLD_CHARACTER_SET_CLIENT */;
/*!40101 SET CHARACTER_SET_RESULTS=@OLD_CHARACTER_SET_RESULTS */;
/*!40101 SET COLLATION_CONNECTION=@OLD_COLLATION_CONNECTION */;
